Track URI,Track Name,Album Name,Artist Name(s),Release Date,Duration (ms),Popularity,Explicit,Added By,Added At,Genres,Record Label,Danceability,Energy,Key,Loudness,Mode,Speechiness,Acousticness,Instrumentalness,Liveness,Valence,Tempo,Time Signature
spotify:track:6CEzwYZK5zdRGHIkCdLmM0,"Bang The Drum","Weather Report EP","Danny Snowden",2025-11-28,238167,29,false,nancyxyniu,2026-03-15T15:41:42Z,"tech house","Heavy House Society",0.702,0.954,0,-7.133,1,0.0408,0.000379,0.724,0.29,0.492,131.01,4
spotify:track:38JecELwfCbRkLTiK7KWQ8,"Power","Power","Lockerz",2025-10-24,194782,46,false,nancyxyniu,2026-03-15T15:41:36Z,"uk garage,bassline","Garage Shared",0.841,0.763,4,-7.378,0,0.0485,0.0103,0.883,0.0528,0.393,138.02,4
spotify:track:3W6LDkmCTlAktnIt9yQrY3,"Camargue","The Sound Of Belgium","CJ Bolland",2013,384475,0,false,nancyxyniu,2026-03-15T15:41:28Z,"big beat,uk garage,hardcore techno,techno","La Musique Fait La Force",0.623,0.813,8,-9.374,1,0.057,0.0448,0.916,0.203,0.495,137.863,4
spotify:track:40QdEchi3gLmZitmXFef9z,"Stay Blessed","Smiling Through The Pain 2","Swimming Paul;Alecc Crisostomo;D38",2025-10-24,221538,57,false,nancyxyniu,2026-03-15T15:41:32Z,"stutter house,uk drill,drill","Headroom Records",0.833,0.62,6,-11.619,1,0.373,0.415,0.0935,0.141,0.368,130.096,4
spotify:track:3M9cmMln4vdRa21apSfjO3,"Sober - NOTION Remix","Sober (NOTION Remix)","NOTION;KiLLOWEN",2023-04-28,173507,46,true,nancyxyniu,2026-03-15T15:41:07Z,"bassline,bass house,uk garage,drum and bass","Mixtape Madness",0.689,0.831,9,-5.623,0,0.0558,0.224,0.00283,0.642,0.716,134.064,4
spotify:track:53rDh4kB1LJyLgnxm8K6Np,"Beto’s Horns - fred remix","Beto’s Horns (fred remix)","Fred again..;CA7RIEL & Paco Amoroso",2025-11-06,226222,60,false,nancyxyniu,2026-03-15T15:41:52Z,"stutter house,house,edm","Atlantic Records UK",0.538,0.664,1,-7.051,0,0.195,0.0181,0.175,0.278,0.2,127.619,4
spotify:track:2aiiorAu7zLKYanYv47LjN,"Funk U Want","Funk U Want","DJ Mandy",2025-07-18,210909,35,false,nancyxyniu,2026-03-15T15:42:09Z,"","Too Future",0.736,0.928,2,-6.268,1,0.308,0.000771,0.349,0.0562,0.634,132.039,4
spotify:track:79bWkyd08EFDO0ZZuu7IRT,"Mimosa 2000","27 Anos Nacional","Furacão 2000;Nyasia",2000-03-09,140560,80,false,nancyxyniu,2026-03-15T15:41:59Z,"funk melody,miami bass,funk carioca,brazilian funk,axé,freestyle","Furacao 2000",0.867,0.712,1,-3.256,1,0.141,0.0103,0.0146,0.0678,0.8,125.396,4
spotify:track:21JRqTnNDTiMxzTCvzcfc3,"Everybody Loves The Sunshine","Second Nature","Netsky;Daddy Waku;Chantal Kashala",2020-10-30,200930,1,false,nancyxyniu,2026-03-15T15:41:55Z,"drum and bass,liquid funk,chillstep","Hospital Records",0.53,0.864,6,-4.024,0,0.0495,0.000831,0.0112,0.104,0.0902,171.871,4
spotify:track:0hLUZTVuDuDUOAV4NYWGUa,"Dub City","Dub City","DELACOUR",2023-07-05,228571,59,false,nancyxyniu,2026-03-15T15:42:04Z,"lo-fi house,rally house,house","Summer Soul",0.807,0.846,1,-6.845,1,0.0726,0.0118,0.914,0.085,0.668,126.004,4
spotify:track:1lbNgoJ5iMrMluCyhI4OQP,"Victory Lap","Victory Lap","Fred again..;Skepta;Plaqueboymax",2025-06-18,165857,83,true,nancyxyniu,2026-03-15T15:42:14Z,"stutter house,house,edm,grime,uk grime","Atlantic Records UK",0.891,0.749,11,-3.087,1,0.112,0.163,0.00000196,0.0922,0.584,140.039,4
spotify:track:6qk1PcforV3BqdJcKt3MI8,"work it","work it","med",2025-04-11,144321,21,true,nancyxyniu,2026-03-15T15:42:18Z,"","N0MAD",0.718,0.693,5,-9.378,0,0.146,0.646,0,0.0651,0.93,99.984,4
spotify:track:3Nc3lAEe7vpLqijky5CG7C,"Break The Cycle - Luke Gomm Refix","Break The Cycle (Luke Gomm Refix)","KiLLOWEN;Luke Gomm",2022-12-09,201251,0,false,nancyxyniu,2026-03-15T15:42:28Z,"uk garage","Trakk Records",0.712,0.788,9,-5.578,1,0.0506,0.0295,0.432,0.0987,0.3,124.044,4
spotify:track:6AOGwXnlNqotnXdza8Rb7m,"Pump It Up","2 Fast 2 Furious (Soundtrack)","Joe Budden",2003-05-27,251453,56,true,nancyxyniu,2026-03-15T15:42:34Z,"","Island Def Jam",0.62,0.856,6,-4.937,1,0.315,0.0374,0,0.116,0.665,104.743,4
spotify:track:1LZthX8JbKcffC5QYhHtMd,"Pacific","Pacific / Out Of Sight","Burnski",2023-11-03,369924,31,false,nancyxyniu,2026-03-15T15:41:48Z,"dub techno,tech house","Constant Sound",0.716,0.833,11,-9.189,1,0.0371,0.000399,0.915,0.2,0.676,133.016,4
spotify:track:1DQYCwZG5DOXXSTXluYQam,"Still Riding","Still Riding","Barry Can't Swim",2024-09-24,217250,50,true,nancyxyniu,2026-03-15T15:42:45Z,"jazz house","Ninja Tune",0.678,0.619,10,-9.503,0,0.0991,0.000347,0.37,0.284,0.646,132.985,4
spotify:track:7Fx0ke7tQFhCd7CFDJKKE2,"Han Jan","Han Jan","Peggy Gou",2018-02-26,381239,42,false,nancyxyniu,2026-03-15T15:42:23Z,"","Ninja Tune",0.808,0.762,10,-10.494,0,0.0519,0.00595,0.629,0.102,0.885,123.012,4
spotify:track:7uLBdV19ad7kAjU2oB1l6p,"Wanna","In Waves","Jamie xx",2024-09-20,135835,42,false,nancyxyniu,2026-03-15T15:43:28Z,"","Young",0.197,0.433,0,-13.166,1,0.0605,0.725,0.71,0.587,0.0956,182.621,3
spotify:track:3uVsk0lLAR9OFLxhqFSlWe,"Doesn't This Sun Feel Great.. - Drua Remix","WAR1210","Secretsundaze;Drua",2024-11-14,367941,3,false,nancyxyniu,2026-03-15T15:42:54Z,"acid house,hard house","WARNING",0.687,0.891,11,-11.197,0,0.0596,0.00022,0.872,0.0726,0.326,136.013,4
spotify:track:702TQdZDsXUIMXsBz4nFuY,"She Who Sees All","Blue Light","Soul Wun;Mauricesax",2024-11-08,231696,59,false,nancyxyniu,2026-03-15T15:43:16Z,"jazz house,lo-fi house,jazz beats,nu jazz,jazz fusion,jazz rap","Gallery Recordings",0.71,0.653,1,-9.252,1,0.0414,0.0326,0.699,0.0893,0.385,126.039,4
spotify:track:2HEVeZHDVMonIyL9Oskmnm,"Let Me Dance","Let Me Dance","Hotmood",2023-12-15,270010,23,false,nancyxyniu,2026-03-15T15:43:09Z,"nu disco,disco house,funky house,jazz house","Blur Records",0.956,0.828,3,-8.009,1,0.189,0.141,0.553,0.0939,0.78,119.986,4
spotify:track:3ag4siWXbzsI5ifBj8ljvV,"Games","Games","Zefer;Tia Talks;Tidah",2023-07-21,163846,36,false,nancyxyniu,2026-03-15T15:43:23Z,"uk garage,rally house,bassline,uk funky,hip house,uk r&b","Steppers Club",0.828,0.715,9,-8.387,0,0.0468,0.00662,0.0189,0.215,0.69,129.956,4
spotify:track:7hsFrLDrqGy6S00RFK1tnJ,"Future Retro","Static","Pugilist",2022-02-04,284631,27,false,nancyxyniu,2026-03-15T15:43:38Z,"breakbeat,jungle,dub techno,drumstep,uk garage","Banoffee Pies Records",0.403,0.926,6,-10.45,1,0.0819,0.0299,0.461,0.173,0.724,139.804,4
spotify:track:4TeNygadmXEzWN47Y6dxZ9,"Horizontal Bop","Smoke Suggests Fire","Detroit's Filthiest",2021-05-24,293096,39,false,nancyxyniu,2026-03-15T15:43:48Z,"miami bass,breakbeat,footwork,g-house","House Of Underground",0.725,0.587,7,-10.075,1,0.0484,0.0573,0.882,0.105,0.506,140.019,4
spotify:track:10IxtRq6xz3ABo8E9aDROE,"Unravel in the Designated Zone","OTMI001","Anz",2021-04-09,288000,21,false,nancyxyniu,2026-03-15T15:43:53Z,"uk funky,breakbeat","OTMI",0.733,0.762,3,-6.516,0,0.068,0.000433,0.901,0.384,0.749,130.005,4
spotify:track:2yUh22oAvwzAelPEyY4xeK,"NEVER LET YOU DOWN","NEVER LET YOU DOWN","CLOUDER",2024-08-16,114330,24,false,nancyxyniu,2026-03-15T15:44:04Z,"rally house,house","Aurorian Records",0.79,0.72,11,-5.244,0,0.0451,0.00089,0.823,0.0991,0.183,126.985,4
spotify:track:4KLPZfyMkOkJTCZ4i3luha,"SPRINTER","SPRINTER","KARMA",2023-11-13,187744,60,true,nancyxyniu,2026-03-15T15:44:09Z,"rally house,uk garage","Aurorian Records",0.968,0.543,1,-8.273,1,0.173,0.0206,0.00000248,0.133,0.864,128.051,4
spotify:track:1qxKva4IzWde7m2jLpZvDU,"Active","Lungu Boy","Asake;Travis Scott",2024-08-08,172597,62,true,nancyxyniu,2026-03-15T15:44:21Z,"afrobeats,afrobeat,afropiano,afro adura,afropop,amapiano,afroswing,afro r&b,rap","YBNL Nation / EMPIRE",0.869,0.64,5,-7.677,0,0.0424,0.011,0.00119,0.0747,0.535,112.984,4
spotify:track:5En5RL0hpKrbcHt8erxpkO,"LET IT BREATHE","BOOM SZN","ANATII;Culoe De Song;Busta Rhymes;LastBornDiroba;Colkaze;Xduppy;Busi Mhlongo",2024-12-13,430000,12,true,nancyxyniu,2026-03-15T15:44:14Z,"amapiano,afro soul,afropop,afropiano,afro tech,afro house,gqom,tribal house,3 step,deep house,house,east coast hip hop,private school piano,bacardi","Yal Entertainment / gamma. Africa",0.86,0.832,5,-6.79,1,0.0787,0.00431,0.165,0.0272,0.62,112.043,4
spotify:track:6bfR0voUrtmhSjYVEJfeFW,"All You Got","All You Got","SKYHIGH",2024-01-12,246253,15,false,nancyxyniu,2026-03-15T15:44:26Z,"uk garage,rally house,bassline","Garage Shared",0.601,0.962,10,-3.805,1,0.101,0.168,0.401,0.164,0.435,137.025,4
spotify:track:7lNxQksP0anFNGEq8zsjMS,"Damager","Damager","Sammy Virji;Interplanetary Criminal",2024-11-15,224591,61,false,nancyxyniu,2026-03-15T15:44:37Z,"uk garage,bassline,bass house,house,breakbeat","Capitol Records UK",0.819,0.957,7,-6.331,1,0.264,0.00434,0.000648,0.36,0.59,137.998,4
spotify:track:4jxQsDi5s6TI8CoWbZQG9M,"NY Girls","NY Girls","kLap;Don Low",2020-10-16,179097,40,false,nancyxyniu,2026-03-15T15:44:41Z,"brazilian bass,uk funky,moombahton","Don Records",0.771,0.94,11,-1.57,0,0.0658,0.00153,0.928,0.548,0.654,133.051,4
spotify:track:2ZWmmrWUgDBcPSLihBMvhg,"Baddadan (feat. IRAH, Flowdan, Trigga & Takura)","Baddadan (feat. IRAH, Flowdan, Trigga & Takura)","Chase & Status;Bou;Flowdan;IRAH;Trigga;Takura",2023-07-27,177291,72,false,nancyxyniu,2026-03-15T15:44:46Z,"drum and bass,jungle,bassline,grime,uk garage","EMI",0.633,0.931,1,-0.424,1,0.228,0.214,0.00398,0.0585,0.566,87.537,4
spotify:track:28P3hD5604xr8ZD2cpSqqV,"Evolution","Evolution","dublon;Deza",2024-07-26,118292,60,false,nancyxyniu,2026-03-15T15:44:32Z,"jazz house","Délicieuse Records",0.782,0.479,6,-13.367,1,0.313,0.811,0.544,0.176,0.457,122.906,4
spotify:track:0KZmI8YWSwWX5BsttVKR6l,"Pressure FM (is your boss being a prick at work?)","hat-trick","JACK MARLOW;Phantom Records",2024-11-08,218359,55,false,nancyxyniu,2026-03-15T15:44:51Z,"rally house,house,uk garage","Phantom Records",0.839,0.77,1,-6.419,0,0.0415,0.0032,0.0784,0.298,0.961,133.006,4
spotify:track:2bPbyTiplZXroFIvW8Fjo0,"Rita Ora","Rita Ora","KiLLOWEN",2024-04-11,122864,0,true,nancyxyniu,2026-03-15T15:45:02Z,"uk garage","KiLLOWEN under exclusive license to Mixtape Madness",0.508,0.87,6,-4.465,0,0.174,0.000106,0.0825,0.388,0.389,135.96,4
spotify:track:4x0WzGuKSqZkDKi0N69CLd,"Bax","Done Me Wrong / Bax","Mosca",2011-09-19,333134,34,false,nancyxyniu,2026-03-15T15:45:13Z,"uk funky,uk garage,bassline,dub techno","Numbers",0.788,0.733,11,-8.433,0,0.0519,0.000754,0.882,0.0626,0.8,134.023,4
spotify:track:3jgaxb6K3eneGYi60mxRPo,"Backshot","Atw002","ATW;Interplanetary Criminal;Main Phase",2022-06-03,406280,31,false,nancyxyniu,2026-03-15T15:45:07Z,"uk garage,bassline,uk funky,breakbeat,jungle,hard house","ATW Records",0.765,0.906,1,-7.75,1,0.11,0.000581,0.223,0.14,0.599,138.018,4
spotify:track:1tNVVOlZK67YAI3zxrUqlM,"Ur Soul And Mine","We're New Here","Gil Scott-Heron;Jamie xx",2011-02-21,257840,27,false,nancyxyniu,2026-03-15T15:45:34Z,"spoken word,jazz funk","XL Recordings",0.848,0.473,0,-12.011,1,0.133,0.0284,0.653,0.218,0.269,132.037,4
spotify:track:3ggjfVmmJoOxv5bXUQS98w,"When U Go - MoBlack Remix","When U Go","Girls of the Internet;MoBlack",2017-07-21,420774,0,false,nancyxyniu,2026-03-15T15:45:41Z,"lo-fi house,jazz house,afro house,afro tech","Classic Music Company",0.843,0.612,7,-10.048,0,0.085,0.00891,0.755,0.0928,0.509,124.001,4
spotify:track:5VFh9m190LTgdLIww4QRHZ,"The Recipe - Bella Boo Remix","Renaissance (Remixes)","Aluna;Bella Boo;Rema",2021-01-27,354971,32,false,nancyxyniu,2026-03-15T15:45:51Z,"lo-fi house,afrobeats,afrobeat,afropop,afropiano","Mad Decent",0.803,0.632,10,-12.392,0,0.0632,0.0111,0.875,0.095,0.744,126.003,4
spotify:track:5uakDGEx9HegMZZi840VzH,"Evian (feat. PinkPantheress, Rizloski & Rax)","HARAM!","GoldLink;PinkPantheress;Rizloski;Rax",2021-06-18,128853,49,true,nancyxyniu,2026-03-15T15:46:19Z,"bedroom pop","Squaaash Club/RCA Records",0.824,0.848,8,-7.051,0,0.238,0.101,0.0193,0.1,0.968,134.978,4
spotify:track:620wOBjzHAVri1RnGH4pXX,"Non Stop (feat. Mike Dunn & Adrianne Archie)","Non Stop (feat. Mike Dunn & Adrianne Archie)","Saison;Mike Dunn;Adrianne Archie",2024-02-23,207661,0,false,nancyxyniu,2026-03-15T15:46:53Z,"funky house,jazz house,disco house,chicago house,acid house,house,christian r&b,neo soul,gospel","Soulfuric Deep",0.85,0.781,11,-7.385,0,0.18,0.0116,0.142,0.14,0.771,123.97,4
spotify:track:4xYSa6B3HZEv3wkMKsx1qI,"I Never Knew Love - Made In Detroit Extended Mix","I Never Knew Love","Chez Damier",1992-08-25,502407,25,false,nancyxyniu,2026-03-15T15:46:25Z,"chicago house,house","KMS Records (BEAT Music Fund)",0.773,0.644,3,-11.502,1,0.0419,0.0192,0.0315,0.211,0.476,123.322,4
spotify:track:3F1hU8F97UoVouQRgasdM4,"I Can Never Be Yours - Hot Version","I Can Never Be Yours (Hot Version)","Coeo",2021-03-05,214285,43,false,nancyxyniu,2026-03-15T15:46:39Z,"jazz house,disco house,funky house,nu disco,lo-fi house","Toy Tonics",0.63,0.905,5,-8.352,1,0.0361,0.000401,0.944,0.0657,0.145,125.988,4
spotify:track:4cxpgHXbVh4sGwb1C7TAG2,"You Are In My System - Faster Horses Sport Mix","You Are In My System (Faster Horses Sport Mix)","Kerri Chandler;Dennis Quin;Troy Denari;Faster Horses",2023-10-06,197197,60,false,nancyxyniu,2026-03-15T15:46:58Z,"house,chicago house,deep house,hard house","Kaoz Theory",0.577,0.964,10,-6.705,0,0.0689,0.00634,0.0753,0.106,0.892,139.935,4
spotify:track:0uIPWNaYCF11sBpdjxrNF5,"Evolution Rush","Mind Fruit","Opus III",1992,371973,32,false,nancyxyniu,2026-03-15T15:46:33Z,"","EastWest U.K.",0.553,0.92,1,-12.709,0,0.0437,0.091,0.94,0.219,0.369,130.024,4
spotify:track:4u0N8a9adNalT4XdihjeSr,"iluv","iluv","Effy;Mall Grab",2024-02-14,257798,59,false,nancyxyniu,2026-03-15T15:47:04Z,"uk garage,hard house,lo-fi house","Fragrance Recordings",0.745,0.782,0,-7.232,1,0.0471,0.00275,0.824,0.0915,0.386,137.987,4
spotify:track:6ow9Iwh3H3ud5cRREiEX53,"Do To Me","Do To Me","Tim Sanders",2024-11-29,144609,78,false,nancyxyniu,2026-03-15T15:43:59Z,"rally house,house","Aurorian Records",0.82,0.811,7,-10.389,1,0.0494,0.0306,0.841,0.0817,0.667,127.965,4
spotify:track:4iSHGVeCYAW84FTBaITBwc,"Girl I Like The Way That You Move (Dub) - Mixed","DJ-Kicks (Motor City Drum Ensemble) [DJ Mix]","Stone",2011-07-04,158573,0,false,nancyxyniu,2026-03-15T15:47:18Z,"","!K7 Records",0.741,0.643,2,-11.514,1,0.0591,0.124,0.855,0.307,0.484,120.901,4
spotify:track:4V2i4mCnjqWGXPJsNc8Rm8,"Rain - Mood EP Version","Kerri Chandler's Nervous Tracks","Kerri Chandler",2007-05-22,471946,32,false,nancyxyniu,2026-03-15T15:47:13Z,"house,chicago house,deep house","Nervous Records",0.861,0.663,6,-13.119,1,0.0896,0.00327,0.369,0.0783,0.631,125.065,4
spotify:track:3o3RBrOBpe1OkJpoSRwDqo,"Warm The Room","Warm The Room EP","Vales",2024-01-12,198095,0,false,nancyxyniu,2026-03-15T15:46:47Z,"rally house,house","No Hassle",0.827,0.917,7,-7.794,1,0.0725,0.00164,0.377,0.0603,0.861,126.049,4
spotify:track:6xp1u6ZEHXX8DxJIFFrVoP,"Little Things x Gypsy Woman - L BEATS MASHUP","Little Things x Gypsy Woman (L BEATS MASHUP)","Jorja Smith",2023-06-30,131000,66,false,nancyxyniu,2026-03-15T15:47:24Z,"","FAMM",0.644,0.879,6,-5.204,0,0.0761,0.00423,0.00000691,0.286,0.808,126.935,4
spotify:track:643gyipSU7dkmrFhJ8UAIm,"Pulsewidth","Selected Ambient Works 85-92","Aphex Twin",1992-02-10,228053,67,false,nancyxyniu,2026-03-15T15:47:35Z,"idm,ambient","R&S Records",0.765,0.486,1,-14.671,1,0.0724,0.42,0.876,0.332,0.303,119.319,4
spotify:track:1MgL41QGGuefCn8d1kdlmG,"Love Will Find a Way (Original 2003 Version)","Love Will Find a Way EP","Marvin Belton",2011,405704,20,false,nancyxyniu,2026-03-15T15:47:55Z,"acid house","Ferrispark Records",0.869,0.43,9,-12.671,0,0.0548,0.019,0.584,0.0964,0.555,124.034,4
spotify:track:3Q9h6FlYawXITkZV5hTVS6,"Tracklights - Crackazat Remix","Tracklights","Michel De Hey;Crackazat",2017-05-19,378355,23,false,nancyxyniu,2026-03-15T15:48:00Z,"tech house,lo-fi house,jazz house,disco house,funky house","Ovum Recordings",0.729,0.881,4,-9.27,0,0.0393,0.00199,0.817,0.0755,0.564,122,4
spotify:track:4Uz7te06snSlkmcIwwAvkw,"Hungry (For Love)","Hungry (For Love)","LF SYSTEM",2022-10-07,129375,53,false,nancyxyniu,2026-03-15T15:48:09Z,"house","Warner Records",0.594,0.957,7,-3.641,0,0.0829,0.00118,0.0808,0.386,0.717,128.004,4
spotify:track:692ZJnSyDFD9uHrH9BVwEr,"A Night in Torino","A Night in Torino","Parov Stelar",2005-05-20,358866,5,false,nancyxyniu,2026-03-15T15:48:30Z,"electro swing,swing music,nu jazz","Etage Noir Recordings",0.841,0.642,7,-7.824,0,0.0559,0.142,0.378,0.0632,0.916,125.01,4
spotify:track:1TtSn2KTXMZh6iOJJ74cUv,"Do The Astral Plane","Cosmogramma","Flying Lotus",2010-05-03,237920,46,false,nancyxyniu,2026-03-15T15:48:05Z,"idm,experimental hip hop,nu jazz,glitch","Warp",0.722,0.828,8,-3.227,0,0.19,0.0505,0,0.114,0.275,117.696,4
spotify:track:1l3K4IPHiL7IHfLMbDreHW,"We Magnify His Name","Sanctified EP","Floorplan",2011-08-22,555326,36,false,nancyxyniu,2026-03-15T15:47:48Z,"disco house,chicago house,funky house","M-Plant",0.693,0.915,0,-6.321,1,0.0367,0.0000889,0.0197,0.0579,0.549,125.128,4
spotify:track:6dbiFP254cPhRywsYW9xlQ,"Kisloty People","Kisloty People","Schacke",2021-07-20,361695,39,false,nancyxyniu,2026-03-15T15:47:41Z,"techno,acid techno","Media Land",0.663,0.826,6,-7.779,0,0.0502,0.0000628,0.0327,0.0972,0.69,144.991,4
spotify:track:0S9KTc9JiGJ4YXfRqTqNAh,"Baby K Interaction","7 Headed","Via App",2015-11-17,368547,14,false,nancyxyniu,2026-03-15T15:48:17Z,"lo-fi house","1080p",0.489,0.534,5,-14.369,0,0.0417,0.0573,0.47,0.122,0.0864,120.014,4
spotify:track:1SShxVVBeZBCY7WddnksPz,"Gypsy Woman (She's Homeless) (La Da Dee La Da Da) - Basement Boy Strip To The Bone Mix","Surprise","Crystal Waters;The Basement Boys",1991-01-01,451826,72,false,nancyxyniu,2026-03-15T15:48:53Z,"","Island Mercury",0.484,0.641,5,-12.612,1,0.0377,0.000779,0.278,0.0738,0.181,119.981,4
spotify:track:0h6ENY9kDXxfbbfnX3onPR,"What You Like","What You Like (feat. yunè pinku)","Logic1000;yunè pinku",2021-09-09,193893,51,false,nancyxyniu,2026-03-15T15:48:24Z,"lo-fi house","Therapy",0.794,0.543,6,-9.63,1,0.0519,0.0398,0.783,0.0858,0.598,124.009,4
spotify:track:5sB6nWsUKo40L5AeJ7Ja7Q,"Make You Scream - yunè pinku Remix","Make You Scream (yunè pinku Remix)","VTSS;yunè pinku",2023-07-06,164105,48,false,nancyxyniu,2026-03-15T15:48:49Z,"acid techno,techno","Ninja Tune",0.614,0.763,5,-9.594,0,0.034,0.152,0.882,0.11,0.442,124.008,4
spotify:track:3pBpX15YF0hdlRz2ddfSh2,"Turn On The Lights again.. (feat. Future)","USB","Fred again..;Swedish House Mafia;Future",2022-01-18,267946,1,false,nancyxyniu,2026-03-15T15:49:00Z,"stutter house,house,edm,rap","Atlantic Records UK",0.683,0.887,6,-4.944,0,0.0497,0.0125,0.446,0.318,0.551,132.007,4
spotify:track:4g8jAI4REmgqoE9aDZwFZi,"Take Two","Cherry","Daphni",2022-10-07,199876,24,false,nancyxyniu,2026-03-15T15:49:42Z,"","Jiaolong",0.626,0.9,1,-9.387,1,0.0431,0.0000728,0.76,0.104,0.682,136.988,4
spotify:track:0vq5vqbGfNydG2XaSBVRxx,"Always There","Cherry","Daphni",2022-10-07,221846,22,false,nancyxyniu,2026-03-15T15:49:37Z,"","Jiaolong",0.769,0.544,5,-10.571,1,0.0377,0.185,0.0371,0.173,0.555,131.987,4
spotify:track:2AIxrjoVCWUPe0n1vTDJhv,"Google Google","Thuppakki (Original Motion Picture Soundtrack)","Vijay;Andrea Jeremiah;Krishna Iyer;(Rap) Joe",2012-10-10,369475,0,false,nancyxyniu,2026-03-15T15:49:49Z,"tamil dance,tamil pop,kollywood","Gemini Audio",0.925,0.653,5,-6.887,0,0.0506,0.0112,0.00515,0.112,0.79,128.988,4
spotify:track:3YgtkOxZsTuaZdL8McA1FQ,"adore u","adore u","Fred again..;Obongjayar",2023-08-11,220653,70,false,nancyxyniu,2026-03-15T15:49:05Z,"stutter house,house,edm,alté","Atlantic Records UK",0.747,0.867,0,-7.311,1,0.088,0.582,0.00413,0.114,0.684,124.015,4
spotify:track:339dwcSBa8oxVZxicvJG3c,"Atmosphere","Atmosphere","Kerri Chandler",2017-08-31,483840,0,false,nancyxyniu,2026-03-15T15:49:56Z,"house,chicago house,deep house","kerri chandler",0.831,0.766,8,-8.949,0,0.0546,0.0329,0.856,0.11,0.551,122.019,4
spotify:track:01kmylNSn3zfWO9iv6iyKy,"Blasting Through The City","Radio Retaliation","Thievery Corporation",2008,213680,6,false,nancyxyniu,2026-03-15T16:18:04Z,"trip hop,downtempo,acid jazz,lounge","Shock Entertainment",0.699,0.679,9,-7.892,0,0.0502,0.0371,0.0331,0.207,0.549,137.938,4
spotify:track:3PhICIIH9dua2ZZryHqiHE,"LesAlpx","Crush","Floating Points",2019-10-18,282026,44,false,nancyxyniu,2026-03-15T15:50:15Z,"idm,ambient jazz,gnawa","Ninja Tune",0.7,0.741,0,-11.692,1,0.0411,0.000184,0.826,0.109,0.181,130.025,4
spotify:track:5SYkCjC0EmquUvlw6Janmf,"Fat Dynamics","Dubonnet","Delroy Edwards",2019-06-14,281015,0,false,nancyxyniu,2026-03-15T15:50:38Z,"lo-fi house","Apron Records",0.988,0.625,3,-10.314,1,0.0607,0.0000131,0.956,0.0918,0.926,120.061,4
spotify:track:4m1AkuqvH4mIs9jfvtGisH,"Virtual Origami","Virtual Geisha","Japanese Telecom",2022-02-04,230631,20,false,nancyxyniu,2026-03-15T15:50:22Z,"electroclash","Clone Aqualung Series",0.813,0.693,1,-7.498,1,0.0612,0.00152,0.808,0.282,0.634,122.619,4
spotify:track:3D1P3oPecqAQy2u33gAhsM,"Odessa","Swim","Caribou",2010-04-20,315585,49,false,nancyxyniu,2026-03-15T15:50:30Z,"idm","People Eating Fruit Records",0.681,0.915,1,-5.974,1,0.042,0.00334,0.0841,0.354,0.606,118.029,4
spotify:track:4ItMchWCT6d3acnzQfcpmy,"Maelstrom","Breathing","Ben Böhmer",2019-11-22,237176,59,false,nancyxyniu,2026-03-15T15:50:47Z,"melodic house,melodic techno,progressive house,deep house","Anjunadeep",0.687,0.42,5,-10.179,1,0.0543,0.106,0.81,0.104,0.288,123.013,3
spotify:track:2JVzNkHarX3ceGbOB4aF6Q,"I Feel The Rhythm","Primitive Arts","Ron Trent",1999-01-01,384240,31,false,nancyxyniu,2026-03-15T15:50:53Z,"chicago house","Peacefrog Records",0.909,0.667,10,-12.366,0,0.135,0.0528,0.88,0.208,0.673,123.986,4
spotify:track:4oWDaJpusSH1lqIQQkEHsS,"Father Ocean - Ben Böhmer Remix Edit","Father Ocean","Monolink;Ben Böhmer",2018-12-07,318674,61,false,nancyxyniu,2026-03-15T15:50:42Z,"melodic techno,melodic house,techno,progressive house,deep house","Embassy One",0.609,0.74,2,-11.046,1,0.0342,0.396,0.749,0.113,0.0391,122.008,4
spotify:track:6rClbRrSFHVoUwFq2tew2T,"the return of the drunken son","Pornographic Novel","Vladimir Dubyshkin",2020-08-21,346897,41,false,nancyxyniu,2026-03-15T15:50:58Z,"acid techno,techno","trip recordings",0.735,0.9,2,-4.936,1,0.0339,0.00417,0.901,0.124,0.1,140.048,4
spotify:track:6rAnjfvnJs5tNzE8kjZJWI,"Second Life","You Want","Omar S;John FM",2020-02-04,363388,0,false,nancyxyniu,2026-03-15T15:51:03Z,"chicago house,jazz house,lo-fi house","FXHE Records",0.891,0.468,10,-10.374,0,0.144,0.00119,0.0000662,0.363,0.656,122.004,4
spotify:track:0YaOSbHHzG4Gq7WeAidYj3,"Angel Echoes - Caribou Remix","There Is Love in You (Expanded Edition)","Four Tet;Caribou",2010-01-25,476090,20,false,nancyxyniu,2026-03-15T15:51:15Z,"idm,electronica","Text Records",0.497,0.732,7,-8.853,1,0.192,0.00123,0.723,0.115,0.485,120.04,4
spotify:track:3pOnjFb8q7itcxMfyvOIuP,"Sing","There Is Love in You (Expanded Edition)","Four Tet",2010-01-25,408706,29,false,nancyxyniu,2026-03-15T15:51:20Z,"idm,electronica","Text Records",0.841,0.562,5,-9.745,1,0.175,0.152,0.259,0.679,0.796,121.974,4
spotify:track:0vd6Vux8XFOcLZZ4Yh8Qz1,"4 Club Use Only","4 Club Use Only","Delroy Edwards",2013-12-03,505853,0,false,nancyxyniu,2026-03-15T15:51:31Z,"lo-fi house","L.I.E.S.",0.676,0.792,11,-7.246,0,0.0341,0.00532,0.907,0.0874,0.169,127.998,4
spotify:track:7dYjEwbLJ1B5reoz3lWra0,"Nova","Nova / Moth","Burial;Four Tet",2022-02-11,342000,51,false,nancyxyniu,2026-03-15T15:51:37Z,"idm,ambient,electronica","Text Records",0.675,0.759,6,-13.982,0,0.0543,0.516,0.934,0.372,0.129,127.991,4
spotify:track:0s65O9C42I2niiVn7M4AhG,"The Difference It Makes - Mix Cut","Balance 005 (Mixed by James Holden) [Mixed Version]","The MFA",2003-10-06,385506,39,false,nancyxyniu,2026-03-15T15:51:56Z,"","Balance Music",0.648,0.715,9,-8.423,1,0.0305,0.000217,0.724,0.119,0.0915,127.096,4
spotify:track:5cGZN0P1QnSfhCFBCHtp2N,"Peach","Peach","salute;Sammy Virji",2023-03-31,345310,50,false,nancyxyniu,2026-03-15T15:52:48Z,"uk garage,stutter house,bassline,bass house,house","Technicolour",0.866,0.668,1,-7.472,1,0.0969,0.0115,0.889,0.238,0.657,135.009,4
spotify:track:3VD019eE1SNb5tuOgZJve4,"I've Always Liked Grime","2015 - 2017","Mall Grab",2021-12-09,408560,40,false,nancyxyniu,2026-03-15T15:51:25Z,"lo-fi house","Looking For Trouble, distributed by LG105",0.723,0.868,2,-6.923,1,0.0382,0.0339,0.777,0.171,0.266,125.022,4
spotify:track:0pMUR7Uvp6vxlbG0qBFvgM,"Better Off Alone","Who Needs Guitars Anyway?","Alice Deejay",2000,214883,10,false,nancyxyniu,2026-03-15T15:52:00Z,"eurodance,europop","Violent Music",0.671,0.88,8,-6.149,0,0.0552,0.00181,0.691,0.285,0.782,136.953,4
spotify:track:1RGidCmtrqER8GBs8TnG9C,"Everything is romantic featuring caroline polachek","Brat and it’s completely different but also still brat","Charli xcx;Caroline Polachek",2024-10-11,203945,70,true,nancyxyniu,2026-03-15T16:24:25Z,"hyperpop,art pop","Atlantic Records",0.604,0.449,0,-11.468,0,0.21,0.168,0.000724,0.334,0.333,150.106,4
spotify:track:6TiN66aJBRkQfvt2NTjJ0I,"Come With Me Now - Nu Disco Mix","Come With Me Now","HP Vince;Dave Leatherman;Perry Hotter",2018-08-13,384390,23,false,nancyxyniu,2026-03-15T15:41:20Z,"nu disco,disco house,funky house","Smokin' Beat",0.85,0.881,11,-7.263,0,0.0619,0.00303,0.813,0.238,0.86,123.02,4
spotify:track:5iJfzXKvQXlYOBtEQhEmpA,"Tokyo Drift (Fast & Furious) - From ""The Fast And The Furious: Tokyo Drift"" Soundtrack","The Fast And The Furious: Tokyo Drift (Original Motion Picture Soundtrack)","Teriyaki Boyz",2006-06-20,255173,69,false,nancyxyniu,2026-03-15T15:52:29Z,"","Universal (MT)",0.761,0.892,6,-5.354,1,0.133,0.178,0.0000419,0.0712,0.935,127.04,4
spotify:track:07oiZh5jfjIxv4DJGr3qxQ,"I'm Your Brother - Club Version","1993-99 Main Street Records","Round One;Andy Caine",1999,394133,25,false,nancyxyniu,2026-03-15T15:51:42Z,"dub techno,chicago house","Main Street",0.733,0.764,11,-10.815,0,0.0396,0.0103,0.177,0.047,0.475,123.988,4
spotify:track:561pBFcFL2Pwb9HPO9tU8J,"places to be","places to be","Fred again..;Anderson .Paak;CHIKA",2024-05-31,226677,63,true,nancyxyniu,2026-03-15T15:45:18Z,"stutter house,house,edm,alternative r&b","Atlantic Records UK",0.548,0.878,10,-5.154,1,0.0598,0.0253,0.000934,0.0909,0.826,174.043,4
spotify:track:6ZaJ9bsEWhGbzBxnvt9zJN,"Chunga's Revenge","Chunga's Revenge","Frank Zappa",1970-10-23,375160,0,false,nancyxyniu,2026-03-15T16:25:35Z,"progressive rock,psychedelic rock,art rock,jazz fusion,avant-garde,experimental","Universal Music Group",0.293,0.646,9,-7.728,0,0.0548,0.0628,0.596,0.618,0.765,175.483,4
spotify:track:12DLbZEESW2hmO0KY55mAu,"Replay","Champagne Circuits","Sharda",2019-12-06,250920,2,false,nancyxyniu,2026-03-15T16:25:43Z,"uk garage,bassline,uk funky","Local Action",0.745,0.863,10,-5.178,0,0.093,0.00237,0.716,0.0745,0.931,138.004,4
spotify:track:0k4S8MgCg1CKWUy5hNV8GA,"CHERIMOYA - BONUS","FORWARD","Jordan Ward",2023-03-03,129080,48,true,nancyxyniu,2026-03-15T16:26:27Z,"alternative r&b","ARTium Recordings, LLC/Interscope Records",0.515,0.324,1,-13.517,0,0.0679,0.885,0.00373,0.156,0.387,84.984,4
spotify:track:3lALGndfZKOw2Jfym02GmY,"Hare Krsna","Radio Retaliation","Thievery Corporation",2008-09-23,215693,31,false,nancyxyniu,2026-03-15T16:26:34Z,"trip hop,downtempo,acid jazz,lounge","Primary Wave Music",0.737,0.877,7,-7.2,1,0.0439,0.0319,0.349,0.12,0.612,95.033,4
spotify:track:32vb0qbbgiZbOkl2N22rIK,"Makeda","Makeda","MIKE",2022-03-14,96067,29,true,nancyxyniu,2026-03-15T16:26:45Z,"experimental hip hop,alternative hip hop,jazz rap","10k",0.643,0.686,1,-6.119,1,0.069,0.0688,0,0.0994,0.0771,99.796,4
spotify:track:3WRxrbfhk17YuPh39MiUhu,"SWING IT!","THE FUNK WILL PREVAIL","Kaelin Ellis;Sw8vy",2022-04-01,131110,16,false,nancyxyniu,2026-03-15T16:26:51Z,"","Kaelin Ellis Music",0.445,0.756,2,-8.024,0,0.283,0.678,0.682,0.0689,0.867,178.204,4
spotify:track:2O6AgyJRdWKecDU5z4OGbS,"THE CALM","THE FUNK WILL PREVAIL","Kaelin Ellis;Sw8vy;G Bliz",2022-04-01,97385,17,false,nancyxyniu,2026-03-15T16:26:56Z,"jazz funk,miami bass","Kaelin Ellis Music",0.711,0.578,1,-9.981,0,0.0605,0.298,0.624,0.251,0.308,128.087,4
spotify:track:1EzAJBjrWvYsUBHI1hoDnc,"Needle On The Record - 4am Mix","Needle On The Record (4am Mix)","Riordan",2024-01-26,178750,28,false,nancyxyniu,2026-03-15T16:27:02Z,"uk garage,tech house,house,latin house","Realm Records",0.819,0.853,11,-9.279,0,0.129,0.112,0.585,0.0459,0.75,133.905,4
spotify:track:62KeM7jbmYvzT5FycdiQeS,"Wake Up Mr. West","Late Registration","Kanye West",2005-08-30,41066,52,true,nancyxyniu,2026-03-15T16:27:35Z,"rap","Roc-A-Fella",0.746,0.306,10,-9.765,1,0.93,0.817,0,0.0657,0.704,73.346,5
spotify:track:6yIjtVtnOBeC8SwdVHzAuF,"Heard 'Em Say","Late Registration","Kanye West;Adam Levine",2005-08-30,203733,67,true,nancyxyniu,2026-03-15T16:27:39Z,"rap","Roc-A-Fella",0.744,0.696,7,-8.313,0,0.162,0.0535,0.0454,0.128,0.563,95.07,4
spotify:track:3c06k9x6MHHdPQi3ix68yF,"Daydream","Daydream","The Lovin' Spoonful",1966-03,139093,56,false,nancyxyniu,2026-03-15T16:27:46Z,"folk rock","Buddah",0.822,0.332,1,-11.369,1,0.0506,0.834,0,0.11,0.834,110.802,4
spotify:track:4eJokPhRlwORtVGQgnJWrA,"3030","Deltron 3030 - The Instrumentals","Deltron 3030;Dan The Automator;Del The Funky Homosapien;Kid Koala",2000,416266,25,false,nancyxyniu,2026-03-15T16:27:51Z,"experimental hip hop,underground hip hop,trip hop,jazz rap,plunderphonics","Deltron Projects",0.276,0.616,8,-10.573,0,0.0416,0.131,0.631,0.103,0.777,163.968,4
spotify:track:24dVWtgZ2cVeQf6lhCmFiT,"Aah! Sealife","Drum & Bliss","Sweet Trip",1998-08-11,525320,14,false,nancyxyniu,2026-03-15T16:28:19Z,"shoegaze,dream pop,idm","Darla Records",0.536,0.681,6,-13.216,0,0.0576,0.126,0.915,0.327,0.474,160.809,4
spotify:track:2kcMElV7y5RGNL7kUDF8xv,"MmmHmm","Cosmogramma","Flying Lotus;Thundercat",2010-05-03,254840,41,false,nancyxyniu,2026-03-15T16:28:27Z,"idm,experimental hip hop,nu jazz,glitch","Warp",0.466,0.698,9,-6.463,0,0.0891,0.362,0.0063,0.149,0.274,78.053,4
spotify:track:0E1BzVLwjEXmJPrRH1OuZ7,"Paper or Plastic?","Drum & Bliss","Technicolor",1998-08-11,332946,17,false,nancyxyniu,2026-03-15T16:28:34Z,"idm","Darla Records",0.653,0.821,3,-7.319,1,0.052,0.232,0.000489,0.109,0.488,119.974,4
spotify:track:25LpdOOQ6YWtpxTqBxlDJK,"Translucently Happy","Liquid Colours","CFCF",2019-07-12,216000,0,false,nancyxyniu,2026-03-15T16:28:42Z,"chillwave","BGM Solutions",0.48,0.585,6,-12.911,1,0.0328,0.18,0.787,0.095,0.263,159.966,4
spotify:track:4PaFuOWLL9xxUXFTOZkV2T,"Lord Of The Dance","Clarence Park","Clark",2001-04-02,258186,16,false,nancyxyniu,2026-03-15T16:28:49Z,"idm,glitch","Warp Records",0.801,0.716,8,-5.037,1,0.0632,0.0112,0.0844,0.319,0.629,102.972,4
spotify:track:212sQNOrgr0v9kCr9Fuqi4,"This Time (I'm Gonna Try It My Way)","The Outsider (Deluxe)","DJ Shadow",2006-01-01,185146,36,false,nancyxyniu,2026-03-15T16:29:02Z,"trip hop,plunderphonics,downtempo","[PIAS] Recordings Catalogue",0.58,0.908,5,-5.948,1,0.0469,0.00234,0.159,0.0778,0.727,96.516,4
spotify:track:0EXR6ng4uA9qQKJByMG7Aa,"Radio Retaliation","Radio Retaliation","Thievery Corporation",2008-09-23,206746,33,false,nancyxyniu,2026-03-15T16:29:07Z,"trip hop,downtempo,acid jazz,lounge","Primary Wave Music",0.784,0.763,7,-6.616,1,0.282,0.0577,0.00185,0.714,0.809,76.669,4
spotify:track:3t2qNn63zKaCT1pYyMPIoR,"It Ain't Nuttin'","Something Wicked This Way Comes","The Herbaliser;MF DOOM",2002-03-18,166693,47,false,nancyxyniu,2026-03-15T16:29:19Z,"trip hop,downtempo,acid jazz,nu jazz,experimental hip hop,east coast hip hop,jazz rap,alternative hip hop","Ninja Tune",0.741,0.792,1,-5.542,1,0.329,0.0551,0,0.317,0.797,98.52,4
spotify:track:49rffdI24qZNbmuAPLkY2V,"El Gigante De Hierro","Sonideros Para el Mundo, Vol. 2","Grupo Sonador",2015-12-11,214573,57,false,nancyxyniu,2026-03-15T16:29:23Z,"cumbia sonidera,cumbia,electrocumbia","InnerCat Records",0.647,0.727,9,-5.621,0,0.0708,0.257,0,0.133,0.777,89.983,4
spotify:track:3s768KxqbbRHoOcIt4FDSN,"Imagineering","Shout Out! To Freedom...","Nightmares On Wax",2021-10-29,274973,48,false,nancyxyniu,2026-03-15T16:29:31Z,"trip hop,downtempo,acid jazz,nu jazz","Warp Records",0.619,0.184,9,-12.242,0,0.0324,0.651,0.847,0.134,0.389,146.338,4
spotify:track:0XRJc66Gcvq8F98KE1TXD8,"Mis Días A Tu Suerte","afroLOVA 25'","Rels B",2025-06-20,143750,68,false,nancyxyniu,2026-03-15T16:29:36Z,"trap latino,urbano latino","DALE PLAY Records / Flakk Team",0.787,0.721,7,-4.969,1,0.239,0.369,0.0000137,0.148,0.678,96.011,4
spotify:track:2j9G9EyYIGcniPASYM3Isw,"Namaste - Alternate Mix / No Vocals","The In Sound From Way Out!","Beastie Boys",1996-01-01,238733,38,false,nancyxyniu,2026-03-15T16:29:46Z,"rap rock,old school hip hop,east coast hip hop,hip hop","Capitol Records",0.563,0.283,8,-15.08,0,0.0955,0.884,0.0901,0.0974,0.473,71.813,4
spotify:track:3RRWBylmUELk7e1i0UriAm,"Madness","Deltron 3030 - The Instrumentals","Deltron 3030;Dan The Automator;Del The Funky Homosapien;Kid Koala",2000,279866,19,false,nancyxyniu,2026-03-15T16:30:05Z,"experimental hip hop,underground hip hop,trip hop,jazz rap,plunderphonics","Deltron Projects",0.382,0.736,6,-10.96,1,0.271,0.0134,0.85,0.236,0.301,175.152,4
spotify:track:7AS28FdERunvCARoJRNKMI,"Things You Can Do","Deltron 3030 - The Instrumentals","Deltron 3030;Dan The Automator;Del The Funky Homosapien;Kid Koala",2000,301706,14,false,nancyxyniu,2026-03-15T16:30:13Z,"experimental hip hop,underground hip hop,trip hop,jazz rap,plunderphonics","Deltron Projects",0.77,0.957,8,-8.916,1,0.0425,0.0128,0.872,0.0954,0.73,85.019,4
spotify:track:6FIsI6EgDx8cV6iKF6A8zQ,"Turbulence - Mark Bell Remix","Deltron 3030 - The Instrumentals","Deltron 3030;Dan The Automator;Del The Funky Homosapien;Kid Koala",2000,258733,9,false,nancyxyniu,2026-03-15T16:30:20Z,"experimental hip hop,underground hip hop,trip hop,jazz rap,plunderphonics","Deltron Projects",0.875,0.586,11,-12.838,1,0.248,0.491,0.00194,0.414,0.889,104.973,4
spotify:track:58V1yIBumv9mbcOhaHPFqe,"Us Ephemeral (George Clanton Remix)","Us Ephemeral (George Clanton Remix)","Vitesse X;George Clanton",2022-02-17,269538,37,false,nancyxyniu,2026-03-15T16:30:28Z,"vaporwave,chillwave,plunderphonics","100% Electronica",0.454,0.817,1,-9.287,1,0.0338,0.00241,0.916,0.109,0.167,152.028,4
spotify:track:6INSqTqDoz6ndc0oKTi0Sq,"IZ-US","Come To Daddy","Aphex Twin",1997-10-06,177266,57,false,nancyxyniu,2026-03-15T16:30:40Z,"idm,ambient","Warp Records",0.581,0.459,3,-14.519,0,0.0314,0.0398,0.881,0.151,0.316,119.042,4
spotify:track:7BBZGDSZbsb4Esi8YB94HT,"World's end Rhapsody","Modal Soul","Nujabes",2005-11-11,341200,54,false,nancyxyniu,2026-03-15T16:30:46Z,"jazz rap","Hydeout Productions",0.745,0.731,1,-8.859,1,0.0949,0.205,0.678,0.103,0.898,121.52,4
spotify:track:2ERAIt1xo5UkIOkA5NRS4n,"Hedonic Treadmill","Utility","Barker",2019-09-06,249674,42,false,nancyxyniu,2026-03-15T16:30:53Z,"dub techno,idm,ambient","Ostgut Ton",0.431,0.559,1,-14.936,1,0.0342,0.115,0.856,0.0916,0.244,134.977,4
spotify:track:3cWmqvMwVQKDigWLSZ3w9h,"Rockstar Made","Whole Lotta Red","Playboi Carti",2020-12-25,193574,68,true,nancyxyniu,2026-03-15T16:31:03Z,"rage rap","AWGE/Interscope Records",0.773,0.612,8,-5.73,1,0.232,0.0398,0,0.142,0.381,149.999,4
spotify:track:0F13K9dwYH2zpTWiR8d628,"Go2DaMoon (feat. Kanye West)","Whole Lotta Red","Playboi Carti;Kanye West",2020-12-25,119737,63,true,nancyxyniu,2026-03-15T16:31:08Z,"rage rap,rap","AWGE/Interscope Records",0.693,0.434,4,-8.786,0,0.385,0.204,0,0.277,0.542,147.066,4
spotify:track:4txKMpsSfZRV6durPuHVq0,"New Tank","Whole Lotta Red","Playboi Carti",2020-12-25,89741,69,true,nancyxyniu,2026-03-15T16:31:26Z,"rage rap","AWGE/Interscope Records",0.819,0.638,10,-4.831,0,0.226,0.031,0.000116,0.152,0.167,150.993,4
spotify:track:15JRvf02KKGHKgC31jrpuh,"Meh","Whole Lotta Red","Playboi Carti",2020-12-25,118500,65,true,nancyxyniu,2026-03-15T16:31:33Z,"rage rap","AWGE/Interscope Records",0.764,0.512,1,-6.814,1,0.3,0.00158,0,0.0899,0.586,81.541,4
spotify:track:4CzhtKifG867Lu5DNQVBSA,"Vamp Anthem","Whole Lotta Red","Playboi Carti",2020-12-25,124093,70,true,nancyxyniu,2026-03-15T16:31:37Z,"rage rap","AWGE/Interscope Records",0.642,0.69,11,-5.101,1,0.261,0.00599,0.0000013,0.322,0.641,164.075,4
spotify:track:29TPjc8wxfz4XMn21O7VsZ,"Sky","Whole Lotta Red","Playboi Carti",2020-12-25,193234,80,true,nancyxyniu,2026-03-15T16:31:49Z,"rage rap","AWGE/Interscope Records",0.785,0.903,2,-4.184,1,0.21,0.258,0,0.169,0.565,139.98,4
spotify:track:08dz3ygXyFur6bL7Au8u8J,"Over","Whole Lotta Red","Playboi Carti",2020-12-25,166234,71,true,nancyxyniu,2026-03-15T16:31:59Z,"rage rap","AWGE/Interscope Records",0.622,0.946,7,-3.593,0,0.0534,0.044,0,0.0838,0.336,130.07,4
spotify:track:1BpKJw4RZxaFB88NE5uxXf,"ILoveUIHateU","Whole Lotta Red","Playboi Carti",2020-12-25,135122,76,true,nancyxyniu,2026-03-15T16:32:05Z,"rage rap","AWGE/Interscope Records",0.684,0.693,4,-6.651,0,0.0339,0.00534,0,0.506,0.108,134.988,4
spotify:track:7rbalRuIx7sIXFHYTphE0n,"Die4Guy","Whole Lotta Red","Playboi Carti",2020-12-25,131248,60,true,nancyxyniu,2026-03-15T16:32:11Z,"rage rap","AWGE/Interscope Records",0.759,0.67,1,-5.188,0,0.0589,0.00471,0,0.0889,0.418,148.938,4
spotify:track:54I0boOmP4P7iTsx1mnLe5,"Flying High","Believe in My Soul","Makoto;AkirA",2007,388500,17,false,nancyxyniu,2026-03-15T16:32:21Z,"liquid funk,drum and bass,jungle,eurodance,riddim,speedcore","goodlooking Records",0.487,0.917,4,-6.518,0,0.0402,0.0000271,0.94,0.0925,0.187,173.971,4
spotify:track:3SCCnNd2H5Jrg5UkMTosev,"Freedom Suite","Believe in My Soul","Makoto",2007,315500,9,false,nancyxyniu,2026-03-15T16:32:30Z,"liquid funk,drum and bass,jungle","goodlooking Records",0.529,0.806,8,-7.346,1,0.0322,0.0000759,0.395,0.0842,0.394,87.978,4
spotify:track:6XLX0QD6hhtyqxMqugFkJP,"Inside Your Love - XRS Remix","Believe in My Soul","Makoto",2007,364500,7,false,nancyxyniu,2026-03-15T16:32:34Z,"liquid funk,drum and bass,jungle","goodlooking Records",0.596,0.952,11,-7.064,0,0.0672,0.0026,0.613,0.0698,0.519,174.978,4
spotify:track:5RnSYRnCUaAubky6kGrsGj,"Untold - Remix","Souled Out","Makoto;Deeizm",2011-10-10,282281,6,false,nancyxyniu,2026-03-15T16:32:38Z,"liquid funk,drum and bass,jungle","Human Elements",0.543,0.905,11,-3.173,0,0.0322,0.00165,0.263,0.109,0.697,175.046,4
spotify:track:15geHLcWIpliE2gwDbzeDc,"Motion Of Change","Motion of Change","Makoto;SOLAH",2022-04-29,270843,0,false,nancyxyniu,2026-03-15T16:32:47Z,"liquid funk,drum and bass,jungle","Hospital Records",0.52,0.936,9,-5.777,1,0.0565,0.0647,0.66,0.201,0.398,173.999,4
spotify:track:3KtHScWKrsLVlEh4ghoGBI,"Cold Expanse","Cold Expanse","Artificial Intelligence;Makoto",2020-08-26,278219,40,false,nancyxyniu,2026-03-15T16:32:55Z,"liquid funk,drum and bass,jungle","UKF",0.425,0.946,11,-6.498,1,0.0972,0.0516,0.958,0.126,0.0775,174.023,4
spotify:track:3H8lyID1vH8viYA5RRobfs,"Return Of Forever","True Colours","High Contrast",2002-10-06,499600,28,false,nancyxyniu,2026-03-15T16:33:00Z,"drum and bass,liquid funk,jungle","Highly Contrasting",0.467,0.878,6,-9.167,0,0.0518,0.00622,0.953,0.158,0.543,173.004,4
spotify:track:2JmykfwdF3iIbAyYFTBnI4,"Ellens Song","Infinity + Infinity","Big Bud",1999,315500,24,false,nancyxyniu,2026-03-15T16:33:05Z,"jungle,drum and bass,liquid funk,breakbeat","goodlooking Records",0.728,0.64,11,-9.552,0,0.0313,0.147,0.547,0.0826,0.245,122.01,4
spotify:track:0LQmJ46Zqw4umAfLLGwsiQ,"Free Your Mind","Believe in My Soul","Makoto",2007,325500,21,false,nancyxyniu,2026-03-15T16:33:10Z,"liquid funk,drum and bass,jungle","goodlooking Records",0.406,0.958,2,-5.528,1,0.0443,0.00827,0.913,0.327,0.778,173.979,4
spotify:track:32eraMrOwC4EmBlkCP7IMP,"Lowdown","Lowdown","Coffee Shop Jungle;Makoto",2023-09-12,135172,20,false,nancyxyniu,2026-03-15T16:33:14Z,"liquid funk,drum and bass,jungle","Coffee Shop Jams",0.499,0.965,7,-3.97,1,0.0349,0.0374,0.894,0.137,0.16,86.999,4
spotify:track:7KJTicqjWXOKgwn0Xeg635,"Everything Is Possible - DJ Marky & Makoto Remix","Everything Is Possible (DJ Marky & Makoto Remix)","SOLAH;DJ Marky;Makoto",2023-03-31,287000,0,false,nancyxyniu,2026-03-15T16:33:19Z,"liquid funk,drum and bass,jungle","Hospital Records",0.566,0.875,11,-3.901,1,0.0692,0.0502,0.00981,0.0695,0.517,174.994,4
spotify:track:65jG39xQDjm5dvPkms0raw,"Brunswick East","Brunswick East","Coffee Shop Jungle;Makoto",2023-06-20,135172,3,false,nancyxyniu,2026-03-15T16:33:34Z,"liquid funk,drum and bass,jungle","Coffee Shop Jams",0.554,0.838,5,-3.733,0,0.0401,0.198,0.926,0.112,0.405,174.02,4
spotify:track:21dseKsf6VEJBMehBz8FfA,"Wading Through The Crowds","Forza Horizon 4: Hospital Soundtrack","Makoto;Karina Ramage",2018-10-26,275530,33,false,nancyxyniu,2026-03-15T16:33:40Z,"liquid funk,drum and bass,jungle,synthwave","Hospital Records",0.437,0.916,0,-4.103,0,0.0394,0.0268,0.437,0.286,0.562,174.036,4
spotify:track:2coTp4EddrtWIfx88qdLMB,"Fortitude","Fortitude","Coffee Shop Jungle;Makoto",2023-07-11,136206,3,false,nancyxyniu,2026-03-15T16:33:47Z,"liquid funk,drum and bass,jungle","Coffee Shop Jams",0.504,0.893,10,-4.578,0,0.037,0.00306,0.839,0.261,0.247,174.069,4
spotify:track:4CMTMGq7e0N29PvmJs0qSH,"Trip To The Stars","The Time Is Right","DJ Marky;Makoto",2023-07-21,277028,11,false,nancyxyniu,2026-03-15T16:33:53Z,"liquid funk,drum and bass,jungle","Shogun Audio",0.595,0.941,4,-3.958,1,0.048,0.0153,0.889,0.0872,0.577,175.009,4
spotify:track:3w5hoa1vqaMEOIx6SuxwCU,"Pophams","Coffee Shop Jungle","Coffee Shop Jungle;DJ Zinc;Makoto",2022-10-25,115290,6,false,nancyxyniu,2026-03-15T16:34:04Z,"liquid funk,drum and bass,jungle,bassline,uk garage,bass house","Coffee Shop Jams",0.605,0.743,10,-7.098,1,0.0381,0.824,0.871,0.117,0.292,171.953,4
spotify:track:77K9vvoHTpbCjZ8yvhekGF,"Step Into Your Power","Motion of Change","Ruth Royall;Makoto",2022-04-29,248982,14,false,nancyxyniu,2026-03-15T16:34:11Z,"liquid funk,drum and bass,jungle","Hospital Records",0.542,0.933,5,-3.921,1,0.0502,0.000278,0.207,0.0917,0.746,174.002,4
spotify:track:4o3V6fJM5iV62Q1xlCCQeQ,"Into The Vibe","Into The Vibe","Makoto",2023-02-17,266885,7,false,nancyxyniu,2026-03-15T16:34:24Z,"liquid funk,drum and bass,jungle","Human Elements",0.473,0.964,2,-3.186,0,0.0456,0.000853,0.867,0.147,0.572,173.986,4
spotify:track:3s1hZZJQrQvwFH04v4QSpK,"Hear The Music","Feel The Music","Paul Johnson",1996-01-01,321226,39,false,nancyxyniu,2026-03-15T16:34:40Z,"chicago house,disco house,funky house,french house","Peacefrog Records",0.799,0.855,11,-8.169,0,0.0717,0.00439,0.862,0.0652,0.522,128.365,4
spotify:track:6UV0ZF75H9hUOB4bHb2f8G,"Sugar Is Sweeter - Armand Van Helden's Drum 'n' Bass Mix","The Analogue Theatre","CJ Bolland;Armand Van Helden",1996-01-01,515505,43,false,nancyxyniu,2026-03-15T16:34:45Z,"big beat,uk garage,hardcore techno,techno,disco house,funky house","London Music Stream/Because Music",0.736,0.8,9,-9.948,0,0.0675,0.000148,0.607,0.544,0.182,127.986,4
spotify:track:0nuULdYwE6h0Ta6pEL2G1t,"Fine Day XXIV","Fine Day XXIV","Opus III;Kirsty Hawkshaw;Shadow Child;Adam F",2024-05-10,189605,24,false,nancyxyniu,2026-03-15T16:34:56Z,"trance,liquid funk,jungle,drum and bass","181 Recordings",0.519,0.947,2,-6.784,0,0.0429,0.194,0.104,0.221,0.607,134.001,4
spotify:track:0FMMLKHb74VB0H5u2fP6xo,"Ease My Mind - Feat. Tre Hardson, Fat Lip & Omni","Clin D'oeil","Jazz Liberatorz",2008-01-21,328573,54,false,nancyxyniu,2026-03-15T16:35:06Z,"jazz rap,nu jazz,jazz beats","Kif music",0.69,0.567,7,-10.875,0,0.311,0.599,0.000092,0.116,0.609,96.002,4
spotify:track:07FVb82W2CksZ2tPEUrjkG,"Feel It","The Master’s Plan","Floorplan",2024-06-21,203081,31,false,nancyxyniu,2026-03-15T16:35:15Z,"disco house,chicago house,funky house","Classic Music Company",0.715,0.916,1,-6.383,1,0.0646,0.0535,0.674,0.062,0.137,127.028,4
spotify:track:73Oldy26augFjehSUWEJj3,"Glory - Floorplan Remix","Glory (Floorplan Remix)","Dames Brown;Waajeed;Floorplan",2023-06-16,209304,32,false,nancyxyniu,2026-03-15T16:35:21Z,"disco house,nu disco,funky house,chicago house","Defected Records",0.707,0.858,10,-5.422,0,0.0387,0.007,0.0208,0.0291,0.654,125.003,4
spotify:track:1kxmpA4XOaSRo56y1E75rg,"Maintaining My Peace","Maintaining My Peace","Chaos In The CBD;Novelist;Stephanie Cooke",2025-04-24,178743,33,false,nancyxyniu,2026-03-15T16:35:25Z,"jazz house,lo-fi house,grime,uk grime,funky house","In Dust We Trust",0.7,0.782,10,-9.721,1,0.049,0.279,0.0996,0.0904,0.85,100.005,4
spotify:track:7oLIGnxdoowbae8DH5WcOS,"Late Night Jam - Original Mix","Panorama Bar 02 - Part II","Levon Vincent",2009-10-19,616109,17,false,nancyxyniu,2026-03-15T16:35:38Z,"acid house,dub techno,lo-fi house","Ostgut Ton",0.784,0.795,10,-8.913,0,0.0938,0.0118,0.77,0.088,0.196,119.995,4
spotify:track:1DT7LmBHqLfo7rCCLiUd4W,"泡 (Abuku)","""Flares|泡 (Abuku)""","Wata Igarashi",2024-02-23,374919,26,false,nancyxyniu,2026-03-15T16:35:42Z,"dub techno","fabric Records",0.445,0.965,7,-8.83,1,0.0509,0.0000432,0.717,0.105,0.153,136.02,4
spotify:track:0HQZJbulEJMr5hnGdHz8Wu,"Hold It Down","Moodymann","Moodymann",2014-01-27,174026,37,false,nancyxyniu,2026-03-15T16:35:53Z,"jazz house,chicago house,deep house","Kdj Records",0.757,0.317,11,-12.859,1,0.079,0.754,0.00469,0.204,0.847,108.684,4
spotify:track:30w0Ow2tuaZL26ep5pEn2M,"The Semimodular Bird of Jazz","Wait on Me EP","Felipe Gordon",2020-02-21,289208,43,false,nancyxyniu,2026-03-15T16:35:59Z,"jazz house,lo-fi house","Toy Tonics",0.811,0.524,8,-11.077,1,0.0488,0.00797,0.821,0.106,0.776,120.012,4
spotify:track:2QmfEczZyFTRhXJ9F81EP2,"A Toshi no Aki","Yume","Lamp",2014-02-05,248341,56,false,nancyxyniu,2026-03-15T16:36:06Z,"shibuya-kei,japanese indie,city pop","P.S.C.",0.574,0.506,9,-7.578,0,0.0344,0.735,0,0.106,0.595,111.113,4
spotify:track:3DtOW3gzNTy5SgLWhwOdFW,"Trilla (feat. A$AP Nast & A$AP Twelvyy)","LIVE.LOVE.A$AP","A$AP Rocky;A$AP NAST;A$AP Twelvyy",2011-10-31,244160,60,true,nancyxyniu,2026-03-15T16:36:10Z,"rap,grime,uk grime","A$AP Worldwide/Polo Grounds Music/RCA Records",0.869,0.805,1,-4.054,0,0.257,0.014,0,0.0632,0.59,142.029,4
spotify:track:3BXg3qXYPXW8CpnrEgiRPy,"Hot House","Ryo Fukui in New York","Ryo Fukui",1999-06-01,368439,26,false,nancyxyniu,2026-03-15T16:36:17Z,"jazz,jazz fusion,bebop","We Release Jazz",0.38,0.26,8,-21.04,1,0.033,0.757,0.832,0.207,0.682,97.645,4
spotify:track:5UeLuozsBQbBj1MmB6joHz,"Turn Down the Lights","Turn Down the Lights","Benny Page",2005,348670,35,false,nancyxyniu,2026-03-15T16:36:27Z,"jungle,drum and bass,ragga","Digital Soundboy",0.632,0.973,9,-4.697,0,0.0841,0.000968,0.299,0.497,0.379,174.934,4
spotify:track:2L0WyaIQSU9WVwPMLpnLJi,"Emileys Smile","Call to Mind","Commix",2007-10-29,410933,32,false,nancyxyniu,2026-03-15T16:36:32Z,"liquid funk,drum and bass,jungle","Metalheadz",0.498,0.885,1,-4.601,1,0.0456,0.00372,0.814,0.0877,0.103,173.026,4
spotify:track:3d2IeXv14uLNn8LyBAuOEI,"Smile The Day After Today","Eating Us","Black Moth Super Rainbow",2009-05-26,153333,45,false,nancyxyniu,2026-03-15T16:36:36Z,"neo-psychedelic,space rock","Rad Cult",0.697,0.637,1,-9.727,1,0.027,0.0129,0.907,0.134,0.863,136.016,1
spotify:track:0wj3RK9ZGIHJDGGd6sguMi,"The Ladder - Instrumental Mix","Progression Sessions 4","Rantoul",2013-01-28,475000,22,false,nancyxyniu,2026-03-15T16:36:41Z,"jungle,drum and bass,liquid funk,breakcore","goodlooking Records",0.249,0.78,4,-5.523,0,0.049,0.0365,0.864,0.0793,0.0376,169.882,4
spotify:track:5NzIEqd4RWLiAYhWToNlBw,"GUN DANCE","MADE IN HONGKONG ORIGINAL SOUNDTRACK","Lin Hua cheng",1999-11-23,224533,6,false,nancyxyniu,2026-03-15T16:36:46Z,"","Coeur Records",0.664,0.33,11,-15.285,0,0.0455,0.605,0.191,0.211,0.238,120.042,4
spotify:track:7058YTwSeVovkFLkfT4G46,"Gliding Again","Gliding Again / Humboldt","Gramrcy",2022-04-01,396496,10,false,nancyxyniu,2026-03-15T16:37:07Z,"","Hot Concept",0.68,0.986,7,-8.231,1,0.0689,0.0000733,0.884,0.0713,0.411,137.998,4
spotify:track:780BUxpCmW9vOVYZsqdLLE,"Wave","Wave","Asake;Central Cee",2024-06-20,205263,55,false,nancyxyniu,2026-03-15T16:37:14Z,"afrobeats,afrobeat,afropiano,afro adura,afropop,amapiano,afroswing,afro r&b,uk drill,drill,uk grime","YBNL Nation / EMPIRE",0.543,0.7,1,-7.831,1,0.16,0.443,0,0.077,0.37,111.948,4
spotify:track:1xc8zpNr8bA8gVGGPxdJK9,"Shutter Speed","They Know What Ghost Know","Yppah",2009-05-18,233506,20,false,nancyxyniu,2026-03-15T16:37:25Z,"trip hop,downtempo,idm","Ninja Tune",0.6,0.588,9,-9.21,0,0.0288,0.00135,0.833,0.101,0.288,130.999,4
spotify:track:1NQP4rYbAnw21eAfU4RSK3,"Forest Lawn (feat. 2 Chainz & Armani Caesar)","Hitler Wears Hermes 8: Side B","Westside Gunn;2 Chainz;Armani Caesar",2021-09-24,302000,38,true,nancyxyniu,2026-03-15T16:38:32Z,"boom bap,alternative hip hop,jazz rap,experimental hip hop,southern hip hop,rap","Griselda Records / EMPIRE",0.674,0.636,1,-7.667,1,0.261,0.00624,0,0.196,0.352,119.94,4
spotify:track:1zBPkwg2oEh760w20qbJ9E,"Why I do em Like that (feat. Billie Essco)","Hitler Wears Hermes 8: Side B","Westside Gunn;Billie Essco",2021-09-24,240800,60,true,nancyxyniu,2026-03-15T16:38:39Z,"boom bap,alternative hip hop,jazz rap,experimental hip hop,east coast hip hop","Griselda Records / EMPIRE",0.498,0.8,6,-8.055,0,0.371,0.509,0,0.117,0.59,150.475,4
spotify:track:1iRX6FMXSYeTK8jUTOKnXT,"Madame Mirage (Drumless Edit)","Madame Mirage (Drumless Edit)","Teuteu;Michoul",2024-01-10,206099,45,false,nancyxyniu,2026-03-15T16:38:44Z,"jazz house,jazz","Vernéa Records",0.432,0.401,1,-11.481,0,0.0352,0.966,0.849,0.102,0.16,102.736,4
spotify:track:1jFgrIA3dvv2eZwLruIW4G,"Prologue - Tango Apasionada","Rough Dancer And The Cyclical Night","Astor Piazzolla",2005-09-20,110706,42,false,nancyxyniu,2026-03-15T16:38:55Z,"tango,candombe","Nonesuch",0.366,0.116,0,-18.619,0,0.0434,0.455,0.745,0.145,0.224,202.564,4
spotify:track:74frkNGkHzMMTpXv82QrHl,"Finale - Tango Apasionado","Rough Dancer And The Cyclical Night","Astor Piazzolla",2005-09-20,214800,40,false,nancyxyniu,2026-03-15T16:39:00Z,"tango,candombe","Nonesuch",0.295,0.0748,0,-20.087,0,0.0306,0.189,0.401,0.131,0.0837,95.602,4
spotify:track:3HoSi38l1e6E1K1lHWUCeV,"7AM","7AM","Adrian",2022-10-03,145950,0,false,nancyxyniu,2026-03-15T16:39:10Z,"","The System",0.729,0.363,1,-16.785,1,0.124,0.00584,0.811,0.112,0.499,124.966,3
spotify:track:4VZKYIiKttRdPEK0Sc5hWH,"WuGambinos","Freestyle Tools 2018","DJ Grumble",2017-03-27,63791,0,false,nancyxyniu,2026-03-15T16:39:14Z,"lo-fi beats,jazz beats,jazz rap","GrimeLab Inc.",0,0.384,5,-10.896,1,0,0.000847,0.832,0.116,0,0,0
spotify:track:5oKbtirX6EbMMOgD2fMJ6E,"180db_ [130]","Syro","Aphex Twin",2014-09-22,191466,64,false,nancyxyniu,2026-03-15T16:39:20Z,"idm,ambient","Warp Records",0.828,0.61,1,-7.305,1,0.0648,0.00104,0.894,0.0792,0.566,130.064,4
spotify:track:4VQO1UdVIecQqB49PlANHz,"It's Up (feat. Young Thug & 21 Savage)","100 GIGS","Drake;Young Thug;21 Savage",2024-08-10,278000,3,true,nancyxyniu,2026-03-15T16:39:27Z,"rap,melodic rap,trap","OVO/Republic",0.782,0.719,1,-4.863,1,0.115,0.0311,0,0.157,0.304,139.941,4
spotify:track:29ZyU1whAbE59HKfRizFQU,"Wiggly World - Cool Dub","Defected Presents House Masters - Junior Jack","Mr Jack",2017-02-24,415921,0,false,nancyxyniu,2026-03-15T16:39:32Z,"chicago house","Defected Records",0.793,0.774,5,-7.22,0,0.0674,0.000128,0.816,0.0552,0.569,127.022,4
spotify:track:5TgZ7lOUugOdabBcD9a6ud,"Nightrider","What Kinda Music","Tom Misch;Yussef Dayes;Freddie Gibbs",2020-04-24,300990,60,true,nancyxyniu,2026-03-15T16:40:19Z,"indie soul,nu jazz,indie jazz,jazz fusion,jazz rap,alternative hip hop","Beyond The Groove / Blue Note Records",0.729,0.571,11,-9.188,0,0.0869,0.0774,0.213,0.0994,0.582,81.486,4
spotify:track:2GtzWw3lNpIgog4TNoxBny,"Sessions","Sessions","Sharkey;Lucki",2019-06-17,213368,66,true,nancyxyniu,2026-03-15T16:40:24Z,"cloud rap","1329515 Records DK",0.779,0.538,4,-9.461,0,0.15,0.369,0,0.126,0.505,126.072,4
spotify:track:2y4ZR0BUAVePljHSsZyIgj,"PAID","VULTURES 1","¥$;Kanye West;Ty Dolla $ign",2024-02-09,195117,0,true,nancyxyniu,2026-03-15T16:40:28Z,"rap,trap soul","Ye",0.789,0.688,10,-6.996,0,0.223,0.108,0,0.295,0.445,120.162,4
spotify:track:7GGhRv9fDiows4YvP5JTE5,"I Can't Get No Sleep","The House Of Cutting","Masters At Work",1997-05-01,317626,26,false,nancyxyniu,2026-03-15T16:40:33Z,"ballroom vogue,chicago house","Cutting Records",0.757,0.695,9,-8.723,0,0.0529,0.00145,0.664,0.103,0.404,129.806,4
spotify:track:7CwO2esrH095tjxmJVMY2E,"THank god 4 me","BLUE LIPS","ScHoolboy Q",2024-03-01,177260,60,true,nancyxyniu,2026-03-15T16:40:37Z,"","Top Dawg Entertainment/Interscope Records",0.725,0.574,1,-7.945,1,0.152,0.638,0,0.112,0.419,136.003,4
spotify:track:0Ubp7kMZ6MWZIL8qkloYub,"Warmpop","200% Electronica","ESPRIT 空想;George Clanton",2017-11-17,172374,71,false,nancyxyniu,2026-03-15T16:40:42Z,"vaporwave,plunderphonics,chillwave","100% Electronica LLC",0.423,0.771,1,-8.259,1,0.0665,0.000208,0.852,0.371,0.194,90.1,4
spotify:track:0IxMbYZoqIFC087bOrST5y,"Bend","Bend","binki;Otto Benson",2024-05-16,210469,26,false,nancyxyniu,2026-03-15T16:40:48Z,"","WNOADIARWB",0.817,0.796,0,-5.435,1,0.0363,0.316,0.88,0.106,0.551,120.029,4
spotify:track:594MueE2n17NeaZYiGdhYP,"POINT ME TO IT (feat. Lil Yachty, Camo!)","It's Us Vol. 1","Concrete Boys;Lil Yachty;Camo!",2024-04-05,194282,0,true,nancyxyniu,2026-03-15T16:40:54Z,"sexy drill","QCLG",0.508,0.689,8,-8.537,1,0.286,0.0045,0.000672,0.382,0.0857,141.647,4
spotify:track:3mOt6mLL8JqvyfeyRyoOYq,"Dedicated - Remastered","Beyond The Spectrum - The Creamy Spy Chronicles","Digable Planets",2005-01-01,165533,44,true,nancyxyniu,2026-03-15T16:41:00Z,"jazz rap,east coast hip hop,hip hop,acid jazz,old school hip hop","Blue Note Records",0.887,0.554,0,-11.217,1,0.33,0.281,0.000945,0.126,0.52,97.899,4
spotify:track:2bC99wq9X8vkgn9mDXA18i,"Dew","Ginger Beef","Ginger Beef",2023-10-27,253000,0,false,nancyxyniu,2026-03-15T16:41:05Z,"","Chinese Firedrill Records",0.598,0.848,11,-4.373,0,0.0334,0.00845,0.00219,0.12,0.719,129.975,4
spotify:track:48uAefi9v53sT1HbBfa7vD,"Set the Mood","Burning Desire","MIKE",2023-10-13,102931,37,true,nancyxyniu,2026-03-15T16:41:10Z,"experimental hip hop,alternative hip hop,jazz rap","10k",0.44,0.81,10,-7.203,0,0.0944,0.0000225,0,0.478,0.518,146.996,4
spotify:track:1QqJP4E1i6EaocGqa9jxIn,"Friend Zone","Drunk","Thundercat",2017-02-24,192511,56,false,nancyxyniu,2026-03-15T16:42:08Z,"","Brainfeeder",0.589,0.829,1,-4.961,1,0.0353,0.265,0.00367,0.114,0.242,107.003,4
spotify:track:5Uo8fStwMyYbNTtkz2EVXm,"Skurrr","Pinball","MIKE;Tony Seltzer",2024-03-06,107179,42,true,nancyxyniu,2026-03-15T16:42:14Z,"experimental hip hop,alternative hip hop,jazz rap,cloud rap","10k",0.674,0.408,10,-12.018,0,0.19,0.545,0.00000123,0.124,0.554,90.901,4
spotify:track:2U4YIbj1pXgVH2Rlg5zKyZ,"Change - Mike Huckaby Remix","Detroit Beatdown Remixes 1: 1","Norm Talley;Mike Huckaby",2007-03-16,415880,25,false,nancyxyniu,2026-03-15T16:42:28Z,"chicago house,dub techno","Third Ear Recordings",0.649,0.71,0,-8.809,1,0.0382,0.0413,0.87,0.0895,0.221,118.758,4
spotify:track:1l7JlXNhgZSarA9dHFR4JT,"close your eyes","comfortable silence","tomcbumpz;ivri",2023-01-25,88086,44,false,nancyxyniu,2026-03-15T16:42:33Z,"lo-fi hip hop","tomcbumpz",0.565,0.474,2,-12.219,1,0.0727,0.873,0.62,0.0867,0.55,166.068,4
spotify:track:54IbnYEdA3ymfxv07WgN3b,"Your Teeth In My Neck","Isolation","Kali Uchis",2018-04-06,186181,69,false,nancyxyniu,2026-03-15T16:42:40Z,"","EMI",0.853,0.604,3,-5.794,0,0.0511,0.0696,0.00000165,0.135,0.86,116,4
spotify:track:0FTpFi1BlqoBVELlh7jK50,"Le Départ","Lotus Glow","Adi Oasis",2023-03-03,59836,55,false,nancyxyniu,2026-03-15T16:42:47Z,"indie soul,neo soul,retro soul","Unity Records",0.678,0.339,10,-11.187,0,0.0934,0.823,0.921,0.167,0.478,74.009,3
spotify:track:7fOuNjjVnzoxm4SmXNVVUD,"Isolated Soul","Isolated Soul","Hiroshi Watanabe",2011-09-15,572380,3,false,nancyxyniu,2026-03-15T16:42:52Z,"","UnderTone Recordings",0.644,0.772,7,-10.208,1,0.0624,0.0536,0.885,0.108,0.32,126.013,4
spotify:track:6GlhQ6CLxFrCaF96XFOGd3,"Poo Bum Poo Bum","Poopy Man 2","Poopy Man",2021-08-18,94019,50,false,nancyxyniu,2026-03-15T16:42:59Z,"","Poopy Man",0.885,0.312,8,-10.02,1,0.0809,0.0382,0.000256,0.224,0.0452,123.009,4
spotify:track:5Tdk0qMAYDHZ30GLWaGkA0,"Why Do You Feel Nothing?","I Am Gambling With My Life","draag me",2020-01-31,106821,36,false,nancyxyniu,2026-03-15T16:43:17Z,"","draag me",0.383,0.576,2,-10.871,1,0.0297,0.291,0.958,0.141,0.415,179.756,4
spotify:track:2j6M5LZOvK84dl0biwWTuu,"Atlantis","Atlantis","Oro Azul;Ultima Esuna;Michael Red",2024-02-09,351732,4,false,nancyxyniu,2026-03-15T16:43:22Z,"uk funky","Mood Hut",0.511,0.269,4,-19.826,0,0.237,0.373,0.933,0.108,0.289,99.694,4
spotify:track:0zXnqruuTKhV7dTmbaO52L,"Sunset","Sunset","LUCKI",2017-08-05,125021,72,true,nancyxyniu,2026-03-15T16:43:41Z,"cloud rap","Lucki",0.815,0.209,8,-16.526,1,0.516,0.715,0.000854,0.133,0.165,132.689,4
spotify:track:26q6YTrXt9l8qshIveiTX9,"Rebirth Of Slick (Cool Like Dat)","Reachin' (A New Refutation Of Time And Space)","Digable Planets",1993-01-01,261265,63,false,nancyxyniu,2026-03-15T16:43:50Z,"jazz rap,east coast hip hop,hip hop,acid jazz,old school hip hop","Pendulum Records",0.885,0.334,1,-18.944,0,0.227,0.048,0.0587,0.107,0.569,98.309,4
spotify:track:7yfg0Eer6UZZt5tZ1XdsWz,"Make Me Proud","Take Care (Deluxe)","Drake;Nicki Minaj",2011-11-15,219893,69,true,nancyxyniu,2026-03-15T16:44:02Z,"rap","Cash Money Records/Young Money Ent./Universal Rec.",0.684,0.486,1,-10.155,1,0.132,0.00268,0.000148,0.157,0.355,131.913,4
spotify:track:5PNGLS7gfCsJqMoZTskSZJ,"Radicals","Goblin","Tyler, The Creator",2011-05-09,438333,45,true,nancyxyniu,2026-03-15T16:44:18Z,"","XL Recordings",0.562,0.68,1,-8.015,1,0.498,0.154,0.0955,0.269,0.224,74.06,4
spotify:track:7mdIZBXnLBRjicqazeQopy,"Time Moves Slow","IV","BADBADNOTGOOD;Samuel T. Herring",2016-07-08,273864,46,false,nancyxyniu,2026-03-15T16:45:02Z,"","BADBADNOTGOOD",0.618,0.381,11,-10.691,0,0.0522,0.471,0.0318,0.101,0.312,139.905,4
spotify:track:5Aon86qtmerQqXTYyEx9Vh,"Come And Play In The Milky Night (Demo)","Cobra And Phases Group Play Voltage In The Milky Night (Expanded Edition)","Stereolab",1999,121933,48,false,nancyxyniu,2026-03-15T16:45:28Z,"art pop,krautrock,neo-psychedelic,post-rock","Duophonic / Warp Records",0.431,0.292,6,-16.908,0,0.0344,0.964,0.941,0.109,0.435,94.924,4
spotify:track:5LVGlSWEUt4icxkTZ5KVTD,"Memories Of Music","Again","Oneohtrix Point Never",2023-09-29,364069,19,false,nancyxyniu,2026-03-15T16:45:47Z,"plunderphonics,idm,drone,ambient,experimental,vaporwave","Warp Records",0.492,0.507,5,-10.072,0,0.0296,0.0184,0.878,0.0671,0.148,119.962,4
spotify:track:4u307txePIagFC4K67AdBA,"Easy Lovers","Camille 2000 (Original Motion Picture Soundtrack)","Piero Piccioni",1998-01-11,225573,63,false,nancyxyniu,2026-03-15T16:46:04Z,"","Camille 3000",0.344,0.333,0,-13.945,0,0.0294,0.9,0.422,0.118,0.175,70.225,4
spotify:track:2fgAJeky8Cpsr8Cfvn2NVp,"untitled 03 | 05.28.2013.","untitled unmastered.","Kendrick Lamar",2016-03-04,154346,55,true,nancyxyniu,2026-03-15T16:46:17Z,"hip hop,west coast hip hop","Aftermath",0.813,0.549,5,-12.427,0,0.269,0.608,0.000001,0.129,0.562,103.914,4
spotify:track:0zdgT7aT3M1Vy7mvtAuaaG,"dancer's theme","demo 02","Full Body 2",2022-11-19,208500,0,false,nancyxyniu,2026-03-15T16:46:47Z,"shoegaze,slowcore","Full Body 2",0.465,0.828,2,-6.683,0,0.0385,0.00467,0.87,0.0923,0.0816,160.026,4
spotify:track:1cCbsojaA6GIT7Y3zuMJ1q,"Nangs","Currents","Tame Impala",2015-07-17,107533,75,false,nancyxyniu,2026-03-15T16:47:13Z,"neo-psychedelic,indie","Universal Music Australia Pty. Ltd.",0.536,0.526,0,-9.754,1,0.181,0.159,0.847,0.128,0.434,167.608,4
spotify:track:7JZHO1HF2XIIWcPVh0uzlC,"chix - Unfinished","Leak 04-13 (Bait Ones)","Jai Paul",2013-04-13,56880,34,false,nancyxyniu,2026-03-15T16:47:20Z,"","XL Recordings",0.65,0.473,9,-7.75,1,0.11,0.484,0.103,0.157,0.392,90.023,4
spotify:track:1Bgga0poKKUZftx5p8b16y,"Act Bad","Act Bad","Diddy;City Girls;Fabolous",2023-05-26,192000,36,true,nancyxyniu,2026-03-15T16:47:24Z,"hip hop,east coast hip hop","Bad Boy",0.852,0.777,6,-4.608,0,0.0877,0.0126,0,0.109,0.428,99.999,4
spotify:track:6SLmXcSlZeQyNhFhVagomK,"Calm Down","Mdr 18","Answer Code Request",2015-10-30,354711,31,false,nancyxyniu,2026-03-15T16:47:42Z,"dub techno,idm,minimal techno,breakbeat","Marcel Dettmann Records",0.65,0.541,2,-9.336,1,0.0349,0.00572,0.918,0.0951,0.7,129.971,4
spotify:track:1x4v4hGRJfVABpxegGfFj6,"Question and Answer","Question and Answer","Wata Igarashi",2018-04-20,357799,4,false,nancyxyniu,2026-03-15T16:47:49Z,"dub techno","The Bunker New York",0.534,0.825,4,-12.165,0,0.0443,0.000367,0.657,0.102,0.114,124.001,5
spotify:track:2kUAWe1s2yEGOHfeOiXqZZ,"Strobe","Strobe","Anthony Naples",2023-05-19,259917,5,false,nancyxyniu,2026-03-15T16:47:54Z,"dub techno,lo-fi house,idm","ANS Recordings (EU)",0.755,0.433,0,-15.374,1,0.0307,0.851,0.892,0.468,0.646,114.999,4
spotify:track:3v65IsDl6LDOHDu9bU4ZOn,"Zodiac Shit","Cosmogramma","Flying Lotus",2010-05-03,164640,42,false,nancyxyniu,2026-03-15T16:48:09Z,"idm,experimental hip hop,nu jazz,glitch","Warp",0.308,0.749,10,-4.606,0,0.281,0.0229,0.0614,0.3,0.181,79.39,4
spotify:track:2FRIWWs5xxPoQrk5pMmsQN,"Three Drums","Three Drums","Four Tet",2023-04-26,495858,37,false,nancyxyniu,2026-03-15T16:48:17Z,"idm,electronica","Text Records",0.169,0.44,0,-10.385,1,0.0277,0.149,0.169,0.126,0.113,95.896,4
spotify:track:47FkzJm1bUaIc0OaGZvslL,"Great Adventures","Super Tecmo Bo","Boldy James;The Alchemist",2021-12-17,107253,60,true,nancyxyniu,2026-03-15T16:48:28Z,"jazz rap,boom bap,alternative hip hop,experimental hip hop","ALC / Boldy James",0.499,0.468,1,-11.023,1,0.522,0.703,0,0.167,0.719,163.117,4
spotify:track:2dxjKgT0li4qBI3QwuN9Ih,"Touch The Sky","Late Registration","Kanye West;Lupe Fiasco",2005-08-30,236600,79,true,nancyxyniu,2026-03-15T16:48:39Z,"rap","Roc-A-Fella",0.552,0.846,9,-4.912,1,0.342,0.0114,0,0.309,0.554,98.56,1
spotify:track:5SkRLpaGtvYPhw02vZhQQ9,"All Falls Down","The College Dropout","Kanye West;Syleena Johnson",2004-02-10,223506,84,true,nancyxyniu,2026-03-15T16:48:44Z,"rap,neo soul","Roc-A-Fella",0.657,0.734,8,-4.832,0,0.484,0.149,0,0.139,0.434,91.03,4
spotify:track:4mmkhcEm1Ljy1U9nwtsxUo,"Through The Wire","The College Dropout","Kanye West",2004-02-10,221226,76,true,nancyxyniu,2026-03-15T16:48:49Z,"rap","Roc-A-Fella",0.571,0.739,7,-6.11,1,0.247,0.00865,0.00000521,0.158,0.66,83.089,4
spotify:track:7rbECVPkY5UODxoOUVKZnA,"I Wonder","Graduation","Kanye West",2007-09-11,243440,84,true,nancyxyniu,2026-03-15T16:48:55Z,"rap","Roc-A-Fella",0.542,0.466,0,-8.668,1,0.0824,0.141,0.000444,0.125,0.127,191.386,4
spotify:track:5TRPicyLGbAF2LGBFbHGvO,"Flashing Lights","Graduation","Kanye West;Dwele",2007-09-11,237506,88,true,nancyxyniu,2026-03-15T16:49:04Z,"rap,neo soul","Roc-A-Fella",0.639,0.628,6,-7.578,0,0.0398,0.0381,0,0.386,0.43,90.482,4
spotify:track:0NrtwAmRAdLxua31SzHvXr,"Everything I Am","Graduation","Kanye West;DJ Premier",2007-09-11,227893,75,true,nancyxyniu,2026-03-15T16:49:09Z,"rap,east coast hip hop","Roc-A-Fella",0.631,0.623,8,-6.971,1,0.264,0.466,0.00000161,0.151,0.765,80.23,4
spotify:track:4EWCNWgDS8707fNSZ1oaA5,"Heartless","808s & Heartbreak","Kanye West",2008-11-24,211000,87,false,nancyxyniu,2026-03-15T16:49:13Z,"rap","Roc-A-Fella",0.79,0.647,10,-5.983,0,0.136,0.0515,0,0.248,0.654,87.999,4
spotify:track:0w2piYWj1F2bzUftzGJgK9,"Paranoid","808s & Heartbreak","Kanye West;Mr Hudson",2008-11-24,277906,65,false,nancyxyniu,2026-03-15T16:49:19Z,"rap","Roc-A-Fella",0.587,0.611,6,-7.408,1,0.106,0.114,0.0000983,0.0765,0.464,114.991,4
spotify:track:22L7bfCiAkJo5xGSQgmiIO,"All Of The Lights","My Beautiful Dark Twisted Fantasy","Kanye West",2010-11-22,299613,82,true,nancyxyniu,2026-03-15T16:49:25Z,"rap","Roc-A-Fella",0.531,0.803,1,-3.284,1,0.0717,0.0796,0.0000171,0.176,0.221,142.113,4
spotify:track:1ZHYJ2Wwgxes4m8Ba88PeK,"Monster","My Beautiful Dark Twisted Fantasy","Kanye West;JAŸ-Z;Rick Ross;Nicki Minaj;Bon Iver",2010-11-22,378893,75,true,nancyxyniu,2026-03-15T16:49:29Z,"rap,hip hop,east coast hip hop,southern hip hop","Roc-A-Fella",0.628,0.692,2,-5.64,1,0.202,0.00244,0.0129,0.668,0.0963,124.887,5
spotify:track:1UGD3lW3tDmgZfAVDh6w7r,"Devil In A New Dress","My Beautiful Dark Twisted Fantasy","Kanye West;Rick Ross",2010-11-22,351946,79,true,nancyxyniu,2026-03-15T16:49:34Z,"rap,southern hip hop","Roc-A-Fella",0.435,0.76,8,-4.935,0,0.0721,0.0175,0,0.158,0.206,80.082,4
spotify:track:3DK6m7It6Pw857FcQftMds,"Runaway","My Beautiful Dark Twisted Fantasy","Kanye West;Pusha T",2010-11-22,547733,85,true,nancyxyniu,2026-03-15T16:49:38Z,"rap","Roc-A-Fella",0.374,0.568,1,-3.825,0,0.109,0.219,0.00219,0.513,0.111,84.733,4
spotify:track:0Bh5fftQH3Nnr5sH3I9G5o,"Ni**as In Paris","Watch The Throne (Deluxe)","JAŸ-Z;Kanye West",2011-08-12,219322,53,true,nancyxyniu,2026-03-15T16:49:46Z,"hip hop,east coast hip hop,rap","Roc Nation/RocAFella/IDJ",0.791,0.857,1,-5.835,1,0.301,0.117,0,0.198,0.737,140.092,4
spotify:track:07CRJ8rXcaaqtboD6QXGur,"That's My Bitch","Watch The Throne (Deluxe)","JAŸ-Z;Kanye West",2011-08-12,202565,46,true,nancyxyniu,2026-03-15T16:49:52Z,"hip hop,east coast hip hop,rap","Roc Nation/RocAFella/IDJ",0.766,0.866,4,-6.645,0,0.118,0.123,0.00195,0.121,0.494,109.1,4
spotify:track:57CdogxwhzdHhqjj0115He,"Made In America","Watch The Throne (Deluxe)","JAŸ-Z;Kanye West;Frank Ocean",2011-08-12,292066,43,true,nancyxyniu,2026-03-15T16:49:56Z,"hip hop,east coast hip hop,rap","Roc Nation/RocAFella/IDJ",0.703,0.727,11,-7.43,0,0.183,0.0357,0.0000562,0.213,0.569,165.902,4
spotify:track:1gqkRc9WtOpnGIqxf2Hvzr,"On Sight","Yeezus","Kanye West",2013-06-18,156480,73,true,nancyxyniu,2026-03-15T16:50:02Z,"rap","Rock The World/IDJ/Kanye/LP6",0.605,0.469,9,-3.182,0,0.327,0.487,0,0.28,0.515,101.601,4
spotify:track:722tgOgdIbNe3BEyLnejw4,"Black Skinhead","Yeezus","Kanye West",2013-06-18,188013,73,true,nancyxyniu,2026-03-15T16:50:07Z,"rap","Rock The World/IDJ/Kanye/LP6",0.766,0.809,1,-6.123,1,0.279,0.0011,0,0.168,0.325,130.127,4
spotify:track:3sNVsP50132BTNlImLx70i,"Bound 2","Yeezus","Kanye West",2013-06-18,229146,84,true,nancyxyniu,2026-03-15T16:50:12Z,"rap","Rock The World/IDJ/Kanye/LP6",0.367,0.665,1,-2.821,1,0.0465,0.145,0,0.113,0.31,148.913,4
spotify:track:4KW1lqgSr8TKrvBII0Brf8,"Father Stretch My Hands Pt. 1","The Life Of Pablo","Kanye West",2016-06-10,135920,80,true,nancyxyniu,2026-03-15T16:50:17Z,"rap","Rock The World/IDJ/Kanye LP7",0.724,0.573,7,-4.113,1,0.0549,0.118,0,0.538,0.438,113.088,4
spotify:track:1Wsbr1d2BouNGk2q92mIj7,"Pt. 2","The Life Of Pablo","Kanye West",2016-06-10,130293,64,true,nancyxyniu,2026-03-15T16:50:21Z,"rap","Rock The World/IDJ/Kanye LP7",0.674,0.752,11,-4.073,1,0.333,0.552,0,0.787,0.236,145.076,4
spotify:track:5CGS4UovzA7ftCJkLVXQju,"I Love Kanye","The Life Of Pablo","Kanye West",2016-06-10,44826,62,true,nancyxyniu,2026-03-15T16:50:26Z,"rap","Rock The World/IDJ/Kanye LP7",0.756,0.374,5,-7.966,1,0.741,0.594,0,0.217,0.966,80.326,4
spotify:track:3s7MCdXyWmwjdcWh7GWXas,"Violent Crimes","ye","Kanye West",2018-06-01,215320,81,true,nancyxyniu,2026-03-15T16:50:33Z,"rap","Getting Out Our Dreams, Inc./Def Jam Recordings",0.669,0.419,1,-6.724,0,0.522,0.376,0,0.187,0.0397,109.813,4
spotify:track:7GRTrWsP3yo2Fx8umJfA1X,"Freeee (Ghost Town Pt. 2)","KIDS SEE GHOSTS","KIDS SEE GHOSTS;Ty Dolla $ign",2018-06-08,206605,56,true,nancyxyniu,2026-03-15T16:50:39Z,"trap soul","Getting Out Our Dreams, Inc./Def Jam Recordings",0.334,0.81,9,-4.855,0,0.0632,0.00457,0,0.158,0.306,151.643,4
spotify:track:2QpGZOhTCHHiKmpSO9FW4h,"Follow God","JESUS IS KING","Kanye West",2019-10-25,104591,73,false,nancyxyniu,2026-03-15T16:50:44Z,"rap","Getting Out Our Dreams II / Def Jam Recordings",0.529,0.9,1,-3.503,1,0.418,0.000248,0.0000121,0.0426,0.434,180.291,4
spotify:track:2SasoXZyv82yYgHiVOvxQn,"On God","JESUS IS KING","Kanye West",2019-10-25,136350,60,false,nancyxyniu,2026-03-15T16:50:48Z,"rap","Getting Out Our Dreams II / Def Jam Recordings",0.41,0.886,9,-4.413,0,0.155,0.0671,0,0.461,0.393,72.577,4
spotify:track:2yBb1CRq98SSWRuDSn36SZ,"Life Of The Party (with André 3000)","Donda (Deluxe)","Kanye West;André 3000",2021-11-14,391656,60,false,nancyxyniu,2026-03-15T16:50:52Z,"rap,ambient jazz","Getting Out Our Dreams II, LLC / Def Jam Recordings",0.502,0.714,2,-6.668,1,0.257,0.138,0,0.97,0.305,79.136,4
spotify:track:0YYMXRKWFKESvU7XVK5JlE,"Off The Grid","Donda (Deluxe)","Kanye West",2021-11-14,339249,53,false,nancyxyniu,2026-03-15T16:50:57Z,"rap","Getting Out Our Dreams II, LLC / Def Jam Recordings",0.57,0.644,8,-5.589,1,0.34,0.044,0,0.137,0.662,137.574,4
spotify:track:0pZjPa9tKXRF3j4Y9IqhTJ,"Jail","Donda (Deluxe)","Kanye West",2021-11-14,297000,50,false,nancyxyniu,2026-03-15T16:51:01Z,"rap","Getting Out Our Dreams II, LLC / Def Jam Recordings",0.457,0.572,4,-6.739,1,0.0971,0.539,0.000277,0.0843,0.587,109.993,4
spotify:track:4Q8KEe2G03s3URJ0PtYBOU,"Jail pt 2","Donda (Deluxe)","Kanye West",2021-11-14,296795,45,false,nancyxyniu,2026-03-15T16:51:05Z,"rap","Getting Out Our Dreams II, LLC / Def Jam Recordings",0.691,0.571,4,-6.412,1,0.0571,0.452,0,0.154,0.69,110.023,4
spotify:track:7Ld49ryVhuEWHmouKkhcHw,"GOOD TIMES～STEP INTO THE LIGHT","Inherit The Life","Toshiki Kadomatsu",2022-08-31,263520,18,false,nancyxyniu,2026-03-15T16:51:12Z,"city pop,jazz fusion","Sony Music Labels Inc.",0.762,0.834,5,-5.408,0,0.0393,0.0254,0.0401,0.103,0.815,112.987,4
spotify:track:3Ts067cx4cUvcfNGchJbGf,"ONE MORE NIGHT","TAKANAKA ALL TIME SUPER BEST","Masayoshi Takanaka",2022-01-12,254173,22,false,nancyxyniu,2026-03-15T16:51:17Z,"jazz fusion,city pop,jazz funk","Universal Music LLC",0.527,0.814,9,-6.318,0,0.0311,0.126,0.806,0.331,0.889,92,4
spotify:track:7fgmo2cHGzWLexkRhBeECj,"WINDY SUMMER","Timely!!","Anri",1983-12-05,246693,60,false,nancyxyniu,2026-03-15T16:51:23Z,"city pop,j-pop,kayōkyoku","FOR LIFE MUSIC ENTERTAINMENT,INC.",0.653,0.762,2,-5.042,1,0.0311,0.175,0.00113,0.174,0.838,106.951,4
spotify:track:3pV989KB6C0hAnRFb4Qcsg,"バイブレイション","トーキョー・スペシャル","Kimiko Kasai",1977-09-21,258519,39,false,nancyxyniu,2026-03-15T16:51:27Z,"city pop,j-r&b","Sony Music Labels Inc.",0.727,0.627,5,-9.627,0,0.058,0.529,0.000113,0.203,0.813,89.395,4
spotify:track:3ulTRoJ5GmUYUNz2GlDQ1d,"BRING ME TO THE DANCENIGHT","COOOL","Anri",1984-06-21,190866,38,false,nancyxyniu,2026-03-15T16:51:35Z,"city pop,j-pop,kayōkyoku","FOR LIFE MUSIC ENTERTAINMENT,INC.",0.818,0.831,4,-4.038,1,0.0939,0.114,0.000692,0.0554,0.947,127.889,4
spotify:track:3mBBBGjOaV4OAfJupWuMgc,"Suna no Onna","BAND WAGON (Remastered 2017)","Shigeru Suzuki",1975-03-25,235853,33,false,nancyxyniu,2026-03-15T16:51:39Z,"city pop,jazz fusion","NIPPON CROWN CO., Ltd",0.556,0.857,7,-4.304,1,0.0456,0.689,0.00376,0.108,0.814,92.386,4
spotify:track:6xrjmQMIIYgLgjCOeq2dee,"Get Dis Money","Fan-Tas-Tic, Vol. 2","Slum Village",2009-01-26,211132,52,true,nancyxyniu,2026-03-15T16:52:16Z,"jazz rap","Ne'Astra Music",0.881,0.523,11,-4.87,0,0.338,0.142,0,0.0771,0.75,96.506,4
spotify:track:3Czw867MbvBiyEd1QCvjmq,"From My Heart and My Soul (feat. Phoelix)","Dinner Party","Terrace Martin;Robert Glasper;9th Wonder;Kamasi Washington;Dinner Party;Phoelix",2020-07-10,150496,49,false,nancyxyniu,2026-03-15T16:52:23Z,"neo soul,jazz rap,alternative hip hop,jazz","Sounds of Crenshaw / EMPIRE",0.696,0.538,11,-6.808,0,0.0904,0.117,0.157,0.108,0.615,93.07,4
spotify:track:1FZmE808EITKOZ03h8IYqK,"Uknowhowwedu","do you do weddings?","Bahamadia",2025-02-07,214866,35,true,nancyxyniu,2026-03-15T16:52:28Z,"jazz rap","UME - Global Clearing House",0.534,0.596,6,-10.289,1,0.388,0.64,0.0000218,0.276,0.908,185.745,4
spotify:track:41YrEBYeFM6fYf1ygakTlm,"Trust Me","Jazzmatazz Volume 1","Guru;N'Dea Davenport",1993-01-01,267865,47,false,nancyxyniu,2026-03-15T16:52:37Z,"jazz rap,acid jazz,east coast hip hop","Chrysalis\EMI Records (USA)",0.853,0.595,7,-9.644,1,0.233,0.0712,0.00012,0.059,0.613,97.233,4
spotify:track:6eXpxFGhRMssC5XnaxEhMu,"Love Speakeasy","Train Of Thought","Reflection Eternal",2000-10-17,98466,48,true,nancyxyniu,2026-03-15T16:52:51Z,"jazz rap,east coast hip hop","Rawkus Entertainment",0.799,0.652,1,-4.348,0,0.0448,0.367,0.956,0.106,0.666,90.221,4
spotify:track:4wgr6gTTxKqol5hT1cPUdo,"Jimmi Diggin' Cats","Reachin' (A New Refutation Of Time And Space)","Digable Planets",1993-01-01,221800,47,false,nancyxyniu,2026-03-15T16:53:07Z,"jazz rap,east coast hip hop,hip hop,acid jazz,old school hip hop","Pendulum Records",0.869,0.45,1,-18.123,1,0.186,0.264,0.000417,0.116,0.816,95.223,4
spotify:track:333ZQ9ZEPrhSHeU4O6IIpk,"Vision Of Love - C2 Edit","Armada Subjekt Miami Sessions (Mixed by Robosonic)","BICEP",2020-03-13,184000,39,false,nancyxyniu,2026-03-15T16:53:19Z,"","Armada Subjekt",0.836,0.969,7,-7.199,0,0.0645,0.26,0.642,0.298,0.955,123.006,4
spotify:track:0SiOcHgDCcrzaMCAVHqsN0,"House Is Home","Les chroniques de monsieur Montana, pt. 1","Sweely",2018-04-09,355631,36,false,nancyxyniu,2026-03-15T16:53:24Z,"lo-fi house,jazz house,house,acid house","Concrete Music 3PM",0.716,0.901,1,-8.294,1,0.0539,0.0414,0.757,0.173,0.802,123.018,4
spotify:track:7hDrAfDSxsMvvV33DT3pnT,"Alchemy","Alchemy","Baka G",2021-07-23,356807,9,false,nancyxyniu,2026-03-15T16:53:36Z,"funky house,lo-fi house","Happiness Therapy",0.729,0.801,11,-9.874,1,0.0655,0.035,0.863,0.04,0.634,129.999,4
spotify:track:64HEmeFcnMSiBMLbfah3yx,"Offenbach Anthem","Offenbach Anthem","CINTHIE",2021-06-11,344577,30,false,nancyxyniu,2026-03-15T16:53:41Z,"acid techno,lo-fi house,disco house","Shall Not Fade",0.632,0.643,0,-7.876,0,0.0475,0.000345,0.926,0.0594,0.755,123.978,4
spotify:track:3RFKqSwoBcvI8PO6YwhHN4,"Pianos of Gold - Ian Pooley Mix","Goldtone Edits","Jovonn;Ian Pooley",2018-10-01,392000,37,false,nancyxyniu,2026-03-15T16:53:46Z,"chicago house,deep house,house,french house","Clone Royal Oak",0.813,0.547,11,-9.128,1,0.134,0.000736,0.853,0.103,0.452,123.988,4
spotify:track:4Su7j2mlruQWDwy8pHyG52,"Loves Got Me High - Special TP 96 Mix","I Can't Wait","Seven Grand Housing Authority;Terrence Parker",2017-08-03,408856,28,false,nancyxyniu,2026-03-15T16:53:52Z,"chicago house,disco house,funky house","Intangible Records and Soundworks",0.644,0.935,2,-9.836,1,0.0574,0.0865,0.399,0.154,0.655,123.066,4
spotify:track:43AFjjpou0fSv1IVayDrIe,"Am I Just Living","Champagne & Guinness (Album Sampler)","SHEE",2018-10-22,360970,36,false,nancyxyniu,2026-03-15T16:53:58Z,"stutter house,disco house","Secret Society",0.578,0.794,8,-10.023,1,0.0905,0.0246,0.454,0.145,0.392,124.959,4
spotify:track:1TghmiDxpCttmxI121iDjB,"Illusions","Illusions","DJ Dove",2018-06-08,190989,0,false,nancyxyniu,2026-03-15T16:54:03Z,"disco house","4 To The Floor Records",0.73,0.907,1,-7.308,0,0.056,0.00139,0.794,0.0419,0.658,121.109,4
spotify:track:3lKvNiaMoJud7ro9zypnVu,"Blue Taxi","Pay Your House","Jeff The Fool",2018-09-07,279385,41,false,nancyxyniu,2026-03-15T16:54:08Z,"jazz house,lo-fi house","Thé Chaud",0.804,0.671,5,-9.317,1,0.049,0.0119,0.273,0.0824,0.869,124,4
spotify:track:2cBUDwAyotdSCeDZbz150t,"Nights over You","Nights Over You","Folamour",2017-04-10,393999,46,false,nancyxyniu,2026-03-15T16:54:21Z,"jazz house,lo-fi house,disco house,funky house","FHUO Records",0.865,0.707,10,-8.088,0,0.0516,0.0105,0.749,0.107,0.226,125.003,4
spotify:track:0n0OMecPuM3X62y31O3eqr,"I Wish I Knew","I Wish I Knew","Soul Wun",2018-12-14,309230,41,false,nancyxyniu,2026-03-15T16:54:28Z,"jazz house,lo-fi house","Feedasoul Records",0.781,0.499,4,-13.178,0,0.0405,0.00896,0.656,0.102,0.227,120.287,4
spotify:track:2kZdKCN82ds6hIhBRtmHox,"Alone - Paradise","Mediterraneo (Club Favourites Collection '90/98)","Don Carlos",2013-02-04,406200,41,false,nancyxyniu,2026-03-15T16:54:33Z,"jazz house,rally house","Irma Records",0.68,0.679,7,-10.128,0,0.0421,0.0193,0.847,0.103,0.625,118.974,4
spotify:track:6I9YoHJJ3Oih9lSNrduhvr,"Free - Extended Mix","Livin' A Dream (Original unreleased tracks and alternative versions from the 90's archives)","Don Carlos",2020-03-06,385894,39,false,nancyxyniu,2026-03-15T16:54:37Z,"jazz house,rally house","Irma Dancefloor",0.778,0.893,11,-7.679,0,0.124,0.0353,0.286,0.0717,0.289,123.125,4
spotify:track:6wfg14dkRLRGbWBrqipiye,"Messin' With My Mind - Crackazat Remix","Messin' With My Mind (Crackazat Remix)","The Thompson Project;Crackazat;Gary L",2025-02-28,240491,18,false,nancyxyniu,2026-03-15T16:54:41Z,"disco house,funky house,nu disco,lo-fi house,jazz house,chicago house","Soulfuric Recordings",0.742,0.787,4,-4.252,0,0.0516,0.0396,0.0215,0.0495,0.817,123.994,4
spotify:track:0VKbDGbgxskE5I8cUiTi7y,"No More Mind Games - Mind Altering Mix","Rapid Winds / Keepin' On / No More Mind Games","Classic Man '93",2021-05-07,280000,5,false,nancyxyniu,2026-03-15T16:54:46Z,"","Nervous Records",0.917,0.835,7,-9.566,1,0.199,0.0162,0.576,0.142,0.538,124.08,4
spotify:track:2nMTN7GpVEBIb9OmnbeZvI,"A Way of Life","Infinity + Infinity","Big Bud",1999,453500,38,false,nancyxyniu,2026-03-15T16:54:55Z,"jungle,drum and bass,liquid funk,breakbeat","goodlooking Records",0.639,0.707,10,-7.928,0,0.062,0.00899,0.789,0.0451,0.696,166.051,4
spotify:track:554qQSs9lpRVq6TlaaiIKT,"4 Raws","Rebel","EsDeeKid",2025-06-20,146666,89,true,nancyxyniu,2026-03-15T16:55:24Z,"","Lizzy Records",0.614,0.579,6,-7.481,0,0.0443,0.0124,0.608,0.141,0.194,144.041,4
spotify:track:3v1d12O8WEj5H9eFID7HBn,"HELICOPTER","HELICOPTER","A$AP Rocky",2026-01-12,165288,71,true,nancyxyniu,2026-03-15T16:55:29Z,"rap","A$AP Worldwide/RCA Records",0.68,0.656,1,-3.966,1,0.0314,0.000101,0.0000472,0.107,0.229,134.029,4
spotify:track:1GcV3QOYG2rpRYwumBZD6q,"Trunks","Highest 2 Lowest (Original Soundtrack)","A$AP Rocky",2025-08-15,223566,65,true,nancyxyniu,2026-03-15T16:55:34Z,"rap","A24 Music",0.825,0.715,2,-3.734,1,0.0491,0.019,0.0000167,0.386,0.343,144.006,4
spotify:track:2JfyjfqbQrTXMzH8n0fOht,"DON'T BE DUMB / TRIP BABY","Don't Be Dumb","A$AP Rocky",2026-01-16,285634,73,true,nancyxyniu,2026-03-15T16:55:40Z,"rap","A$AP Worldwide/RCA Records",0.529,0.54,1,-7.656,1,0.174,0.701,0,0.144,0.637,116.743,4
spotify:track:21Nofwz9Xw2e8LgUMJEy0i,"CLOVER","e.t.d.s. A Mixtape by .idk.","IDK;Joey Valence & Brae",2026-01-23,189642,64,true,nancyxyniu,2026-03-15T16:55:47Z,"","broke",0.787,0.859,4,-4.989,0,0.174,0.0243,0,0.396,0.684,97.954,4
spotify:track:0uCP28vR9pNLOddMupzImt,"187 Proof","Cold Day In Hell","Freddie Gibbs",2012-12-11,192120,28,true,nancyxyniu,2026-03-15T16:55:52Z,"jazz rap,alternative hip hop","ESGN",0.742,0.779,2,-4.743,1,0.0957,0.0299,0,0.154,0.411,151.981,4
spotify:track:1lfO0bqThTLimzHsvk3LrN,"OWA OWA","DOPAMINE","Lil Tecca",2025-06-13,132380,70,true,nancyxyniu,2026-03-15T16:55:57Z,"melodic rap,rap","Galactic / Republic Records",0.718,0.73,1,-7.866,1,0.0744,0.032,0,0.1,0.486,125.998,3
spotify:track:6igOR5QCn09zAVF2ikZjsV,"Surf (feat. Gunna)","So Much Fun","Young Thug;Gunna",2019-08-16,184093,64,true,nancyxyniu,2026-03-15T16:56:02Z,"rap,melodic rap,trap","300 Entertainment/Atl",0.93,0.561,0,-8.053,1,0.25,0.101,0,0.0992,0.596,140.987,4
spotify:track:72TgoXc6ASwFQ11UuPqtgS,"Pimp Hand","Pyrex Scholar","The Purist;Freddie Gibbs",2014,181079,54,true,nancyxyniu,2026-03-15T16:56:07Z,"jazz rap,alternative hip hop","Daupe!",0.701,0.782,11,-5.295,0,0.137,0.721,0,0.0717,0.803,120.001,4
spotify:track:4I2ENHg65RuKifEHdD0kMu,"Alors On Danse","Alors On Danse","Stromae;Kanye West",2010-01-01,214200,59,false,nancyxyniu,2026-03-15T16:57:23Z,"french pop,rap","Universal Music Distributed Labels",0.683,0.866,1,-3.534,0,0.128,0.127,0.00000484,0.0631,0.672,119.866,4
spotify:track:30LGMhbzgN7poYNYvfTEsi,"Burnt (feat. The Hyrogliphics)","The Best Of Del Tha Funkee Homosapien [The Elektra Years]: The B-Boy Handbook","Del The Funky Homosapien;The Hyrogliphics",2004-02-10,282026,32,true,nancyxyniu,2026-03-15T16:59:09Z,"","Rhino/Elektra",0.844,0.853,7,-8.438,1,0.263,0.143,0.0000797,0.0724,0.717,99.214,4
spotify:track:4OROzZUy6gOWN4UGQVaZMF,"The Trooper - 2015 Remaster","Piece of Mind (2015 Remaster)","Iron Maiden",1983,252733,77,false,nancyxyniu,2026-03-15T16:59:16Z,"heavy metal,metal,hard rock,rock","Parlophone UK",0.285,0.908,4,-4.601,0,0.0705,0.0318,0.00909,0.311,0.669,159.756,4
spotify:track:20I8RduZC2PWMWTDCZuuAN,"Take Me Out","Franz Ferdinand","Franz Ferdinand",2004-02-16,237026,85,false,nancyxyniu,2026-03-15T16:59:22Z,"indie rock","Domino Recording Co",0.277,0.663,4,-8.821,0,0.0377,0.000409,0.00051,0.136,0.527,104.561,4
spotify:track:4vYazVB0YNgKBjG3EQmT02,"SWAT TEAM","Don't Be Dumb","A$AP Rocky",2026-01-16,192333,65,true,nancyxyniu,2026-03-15T17:00:46Z,"rap","A$AP Worldwide/RCA Records",0.634,0.774,3,-4.896,1,0.133,0.176,0,0.841,0.575,145.969,4
spotify:track:2RdEC8Ff83WkX7kDVCHseE,"party 4 u","how i'm feeling now","Charli xcx",2020-05-15,296653,84,false,jeeenaaa29,2026-03-18T01:40:45Z,"hyperpop,art pop","Atlantic Records UK",0.579,0.522,1,-8.393,1,0.0993,0.761,0.0000141,0.655,0.245,79.453,4
spotify:track:37UCSVSqiPGdR1DijOFyYY,"Midnight Sun","Midnight Sun","Zara Larsson",2025-06-13,189898,83,false,cbzfc97w3l779gv1ayr6784p4,2026-03-18T01:40:46Z,"","Sommer House/Epic",0.693,0.855,9,-4.834,1,0.115,0.0283,0.00000241,0.0884,0.496,150.909,4
spotify:track:5hM5arv9KDbCHS0k9uqwjr,"Borderline","The Slow Rush","Tame Impala",2020-02-14,237800,86,false,cbzfc97w3l779gv1ayr6784p4,2026-03-18T01:41:39Z,"neo-psychedelic,indie","Universal Music Australia Pty. Ltd.",0.621,0.873,5,-3.067,0,0.0369,0.0406,0.0000091,0.0824,0.873,97.96,4
spotify:track:5WQQIDU3HRaMyPkob8mpFb,"Where Have You Been","Talk That Talk","Rihanna",2011-11-18,242680,84,false,vllzhuz5nh3kkm7hikl3xyqjz,2026-03-18T01:42:08Z,"","Def Jam Recordings",0.719,0.847,0,-6.34,0,0.0919,0.00201,0.0204,0.221,0.443,127.96,4
spotify:track:7MXVkk9YMctZqd1Srtv4MB,"Starboy","Starboy","The Weeknd;Daft Punk",2016-11-25,230453,91,true,vllzhuz5nh3kkm7hikl3xyqjz,2026-03-18T01:42:15Z,"french house,electronic,electro","The Weeknd/Lyric",0.679,0.587,7,-7.015,1,0.276,0.141,0.00000635,0.137,0.486,186.003,4
spotify:track:5nujrmhLynf4yMoMtj8AQF,"Levitating (feat. DaBaby)","Future Nostalgia","Dua Lipa;DaBaby",2020-03-27,203064,83,false,vllzhuz5nh3kkm7hikl3xyqjz,2026-03-18T01:42:20Z,"pop","Warner Records",0.702,0.825,6,-3.787,0,0.0601,0.00883,0,0.0674,0.915,102.977,4
spotify:track:5cSX07KNlqf8EHQ6VXWgsM,"真夜中のドア〜stay with me","松原みき ベスト・コレクション","Miki Matsubara",2008-07-16,312293,54,false,31k3olewug3t5r4wdl67b4wfha2i,2026-03-18T01:43:06Z,"city pop,j-pop","ポニーキャニオン",0.658,0.747,5,-6.615,1,0.0429,0.17,0.00000846,0.0789,0.799,108.258,4
spotify:track:0QIjsbm2fh1cJ45XO9eGqq,"Wake Up in the Sky","Wake Up in the Sky","Gucci Mane;Bruno Mars;Kodak Black",2018-09-14,204664,73,true,vw018rst06q4lzn7tjeozm7xx,2026-03-18T01:43:46Z,"southern hip hop,rap,trap","Guwop Enterprises/Atlantic",0.8,0.578,4,-5.144,0,0.0485,0.00381,0,0.359,0.367,143.01,4
spotify:track:4NvXTrOSsVlCw0bFe3lKY9,"IV. Sweatpants","Because the Internet","Childish Gambino;JasonMartin",2013-12-10,180675,66,true,31mab7kbf3gti5mshnapoamugupq,2026-03-18T01:43:58Z,"hyphy,west coast hip hop","Glassnote - VMG",0.71,0.463,1,-9.33,0,0.146,0.154,0,0.642,0.59,80.027,4
spotify:track:1rIKgCH4H52lrvDcz50hS8,"Lush Life","So Good","Zara Larsson",2017-03-17,200646,94,false,vllzhuz5nh3kkm7hikl3xyqjz,2026-03-18T01:44:00Z,"","Epic/Record Company TEN",0.694,0.712,7,-3.923,0,0.046,0.132,0,0.211,0.799,98.023,4
spotify:track:3avYqdwHKEq8beXbeWCKqJ,"Last Friday Night (T.G.I.F.)","Teenage Dream","Katy Perry",2010-01-01,230733,79,false,vllzhuz5nh3kkm7hikl3xyqjz,2026-03-18T01:44:06Z,"pop","Capitol Records",0.652,0.81,3,-3.789,0,0.0406,0.00129,0.0000291,0.667,0.732,126.022,4
spotify:track:39Yp9wwQiSRIDOvrVg7mbk,"THE SCOTTS","THE SCOTTS","THE SCOTTS;Travis Scott;Kid Cudi",2020-04-24,165977,70,true,31mab7kbf3gti5mshnapoamugupq,2026-03-18T01:44:19Z,"rap","Cactus Jack / Epic",0.716,0.537,0,-7.648,0,0.0514,0.233,0,0.157,0.28,129.979,4
spotify:track:42VsgItocQwOQC3XWZ8JNA,"FE!N (feat. Playboi Carti)","UTOPIA","Travis Scott;Playboi Carti",2023-07-28,191700,84,true,vw018rst06q4lzn7tjeozm7xx,2026-03-18T01:44:41Z,"rap,rage rap","Cactus Jack/Epic",0.569,0.882,3,-2.777,0,0.06,0.0316,0,0.142,0.201,148.038,4
spotify:track:3EG9FJ0ToLfgnc1IG2Z1wz,"SWEET / I THOUGHT YOU WANTED TO DANCE (feat. Brent Faiyaz & Fana Hues)","CALL ME IF YOU GET LOST","Tyler, The Creator;Brent Faiyaz;Fana Hues",2021-06-25,588139,73,true,vw018rst06q4lzn7tjeozm7xx,2026-03-18T01:45:17Z,"r&b,alternative r&b","Columbia",0.468,0.652,0,-4.912,1,0.0722,0.333,0.000318,0.55,0.39,140.223,4
spotify:track:7tr2za8SQg2CI8EDgrdtNl,"Slide (feat. Frank Ocean & Migos)","Funk Wav Bounces Vol.1","Calvin Harris;Frank Ocean;Migos;Funk Wav",2017-06-30,230813,75,true,vw018rst06q4lzn7tjeozm7xx,2026-03-18T01:45:41Z,"edm,trap","Columbia",0.736,0.795,1,-3.299,0,0.0545,0.498,0.00000121,0.254,0.511,104.066,4
spotify:track:12KUFSHFgT0XCoiSlvdQi4,"Break Free","My Everything (Deluxe)","Ariana Grande;Zedd",2014-08-22,214840,82,false,yg7b9kytuwgpor431xr5egf71,2026-03-18T01:46:36Z,"pop,edm","Universal Records",0.686,0.702,7,-5.325,0,0.0455,0.00637,0.0000446,0.204,0.29,129.948,4
spotify:track:6wZOZ0votPhc8qdg4UFPtH,"dandelion","eternal sunshine deluxe: brighter days ahead","Ariana Grande",2025-03-28,204815,68,false,yg7b9kytuwgpor431xr5egf71,2026-03-18T01:47:09Z,"pop","Republic Records",0.59,0.467,10,-7.477,0,0.107,0.62,0,0.19,0.367,169.884,4
spotify:track:6xrTHtSg2SDBLilLxhbhof,"Sympathy is a knife featuring ariana grande","Sympathy is a knife featuring ariana grande","Charli xcx;Ariana Grande",2024-10-10,154126,56,true,yg7b9kytuwgpor431xr5egf71,2026-03-18T01:47:16Z,"hyperpop,art pop,pop","Atlantic Records",0.711,0.603,3,-7.815,1,0.0405,0.0962,0,0.112,0.339,135.151,4
spotify:track:1oFAF1hdPOickyHgbuRjyX,"Save Your Tears (Remix) (with Ariana Grande) - Bonus Track","After Hours (Deluxe)","The Weeknd;Ariana Grande",2020-03-20,191013,84,false,vw018rst06q4lzn7tjeozm7xx,2026-03-18T01:47:20Z,"pop","XO / Republic Records",0.65,0.825,0,-4.645,1,0.0325,0.0215,0.0000244,0.0936,0.593,118.091,4
spotify:track:24ySl2hOPGCDcxBxFIqWBu,"Rain On Me (with Ariana Grande)","Rain On Me (with Ariana Grande)","Lady Gaga;Ariana Grande",2020-05-22,182200,69,false,yg7b9kytuwgpor431xr5egf71,2026-03-18T01:47:59Z,"art pop,pop","Interscope Records",0.672,0.855,9,-3.764,1,0.0397,0.021,0,0.323,0.646,123.056,4
spotify:track:0w5Bdu51Ka25Pf3hojsKHh,"Hard Times","After Laughter","Paramore",2017-05-12,182693,81,false,yg7b9kytuwgpor431xr5egf71,2026-03-18T01:48:14Z,"pop punk,emo","Fueled By Ramen",0.695,0.818,5,-5.379,0,0.0334,0.00647,0.00000487,0.0219,0.916,119.965,4
spotify:track:6K4t31amVTZDgR3sKmwUJJ,"The Less I Know The Better","Currents","Tame Impala",2015-07-17,216320,90,true,yg7b9kytuwgpor431xr5egf71,2026-03-18T01:48:24Z,"neo-psychedelic,indie","Universal Music Australia Pty. Ltd.",0.64,0.74,4,-4.083,1,0.0284,0.0115,0.00678,0.167,0.785,116.879,4
spotify:track:1yjY7rpaAQvKwpdUliHx0d,"Still into You","Paramore","Paramore",2013-04-05,216013,83,false,yg7b9kytuwgpor431xr5egf71,2026-03-18T01:48:34Z,"pop punk,emo","Fueled By Ramen",0.602,0.923,5,-3.763,1,0.044,0.0098,0,0.0561,0.765,136.01,4
spotify:track:51pshtuYkgUQnt5huMPbKL,"The Spins","K.I.D.S.","Mac Miller",2010-08-13,195873,7,true,yg7b9kytuwgpor431xr5egf71,2026-03-18T01:48:57Z,"","Rostrum Records",0.794,0.766,9,-3.894,0,0.0377,0.0135,0,0.0785,0.55,127.007,4
spotify:track:2w9htZtkcbR48NCWzXjfvb,"Fight the Feeling","Macadelic (Remastered Edition)","Mac Miller;Kendrick Lamar;Iman Omari",2012-03-23,301769,0,true,yg7b9kytuwgpor431xr5egf71,2026-03-18T01:49:11Z,"hip hop,west coast hip hop,indie r&b,alternative r&b","Rostrum Records",0.569,0.881,11,-5.873,0,0.365,0.111,0,0.655,0.811,148.067,4
spotify:track:5iUQMwxUPdJBFeGkePtM66,"Dang! (feat. Anderson .Paak)","The Divine Feminine","Mac Miller;Anderson .Paak",2016-09-16,305350,70,true,yg7b9kytuwgpor431xr5egf71,2026-03-18T01:49:19Z,"","Warner Records",0.836,0.67,5,-6.907,0,0.23,0.00826,0.000355,0.0837,0.556,107.018,4
spotify:track:1NpHJ96ljWvqdbjlyc9GtT,"FWU","FWU","Don Toliver;Mustard",2025-06-27,171000,76,true,vw018rst06q4lzn7tjeozm7xx,2026-03-18T01:49:26Z,"","CactusJack/Donnway/ATL",0.689,0.608,8,-3.925,1,0.0436,0.0507,0.0000117,0.0745,0.485,76.007,4
spotify:track:1YakuHfzKxjnseCEeVQtrY,"Don't Wanna Fall In Love","Smyle (Extended)","KYLE",2015-10-02,232368,23,true,yg7b9kytuwgpor431xr5egf71,2026-03-18T01:49:41Z,"","KYLE",0.486,0.616,0,-6.9,1,0.277,0.0149,0,0.356,0.601,132.151,4
spotify:track:0FFsgUoFibYISzMxuGS61W,"I Don't Do Drugs (feat. Ariana Grande)","Planet Her","Doja Cat;Ariana Grande",2021-06-25,188893,66,true,yg7b9kytuwgpor431xr5egf71,2026-03-18T01:49:44Z,"pop","Kemosabe Records/RCA Records",0.683,0.615,5,-5.737,1,0.0966,0.222,0.00000825,0.154,0.45,77.014,4
spotify:track:0k4d5YPDr1r7FX77VdqWez,"You Right","Planet Her","Doja Cat;The Weeknd",2021-06-25,186173,82,true,yg7b9kytuwgpor431xr5egf71,2026-03-18T01:49:48Z,"","Kemosabe Records/RCA Records",0.828,0.621,8,-6.414,1,0.0565,0.0164,0.00233,0.0845,0.436,128.986,4
spotify:track:3AWDeHLc88XogCaCnZQLVI,"Cry For Me","Hurry Up Tomorrow","The Weeknd",2025-01-31,224136,81,true,vw018rst06q4lzn7tjeozm7xx,2026-03-18T01:49:52Z,"","XO / Republic Records",0.647,0.645,7,-6.425,0,0.0303,0.0871,0,0.671,0.422,120.098,4
spotify:track:2GAhgAjOhEmItWLfgisyOn,"Low","SOS","SZA",2022-12-09,181080,75,true,yg7b9kytuwgpor431xr5egf71,2026-03-18T01:50:03Z,"r&b","Top Dawg Entertainment/RCA Records",0.698,0.546,0,-7.234,0,0.0559,0.425,0.00314,0.16,0.335,145.044,4
spotify:track:0uxSUdBrJy9Un0EYoBowng,"20 Min","Luv Is Rage 2 (Deluxe)","Lil Uzi Vert",2017-11-17,220586,86,true,yg7b9kytuwgpor431xr5egf71,2026-03-18T01:50:41Z,"melodic rap,rage rap","Generation Now/Atlantic",0.773,0.75,8,-4.009,0,0.117,0.109,0,0.174,0.783,123.426,4
spotify:track:79mFFAOYcG8ZF6AN1JecAL,"FINE SHIT","MUSIC","Playboi Carti",2025-03-14,106753,65,true,vw018rst06q4lzn7tjeozm7xx,2026-03-18T01:50:51Z,"rage rap","AWGE/Interscope Records",0.783,0.536,1,-6.841,1,0.0848,0.00345,0,0.113,0.226,154.062,4
spotify:track:6jdOi5U5LBzQrc4c1VT983,"Hold On, We're Going Home","Nothing Was The Same (Deluxe)","Drake;Majid Jordan",2013-01-01,227880,80,false,vw018rst06q4lzn7tjeozm7xx,2026-03-18T01:51:55Z,"rap","Cash Money Records/Young Money Ent./Universal Rec.",0.773,0.414,6,-7.436,0,0.0961,0.00411,0.000034,0.0733,0.289,99.993,4
spotify:track:3nef5W8jTkXrOKgCu4kmq7,"Dangerous Woman","Dangerous Woman","Ariana Grande",2016-04-01,235946,81,false,yg7b9kytuwgpor431xr5egf71,2026-03-18T01:53:16Z,"pop","Universal Records",0.664,0.602,4,-5.369,0,0.0412,0.0529,0,0.356,0.289,134.049,3
spotify:track:6U0FIYXCQ3TGrk4tFpLrEA,"SUGAR","GINGER","BROCKHAMPTON",2019-08-23,204541,70,true,yg7b9kytuwgpor431xr5egf71,2026-03-18T01:53:20Z,"","Question Everything/RCA Records",0.453,0.538,1,-8.212,1,0.0638,0.449,0,0.19,0.516,122.973,4
spotify:track:3RwWW7KeVhHGayYJgUL5eZ,"eternal sunshine","eternal sunshine","Ariana Grande",2024-03-08,210200,73,false,yg7b9kytuwgpor431xr5egf71,2026-03-18T01:53:40Z,"pop","Republic Records",0.654,0.503,9,-7.065,1,0.0982,0.533,0,0.101,0.347,160.011,4
spotify:track:3JsydWaf2Ev4ehaLUjj3SY,"Confident","Journals","Justin Bieber;Chance the Rapper",2014-05-13,248133,87,false,yg7b9kytuwgpor431xr5egf71,2026-03-18T01:53:58Z,"","RBMG/Def Jam",0.741,0.565,5,-5.448,0,0.108,0.114,0,0.205,0.892,134.122,4
spotify:track:6QFCMUUq1T2Vf5sFUXcuQ7,"Beauty And A Beat","Believe","Justin Bieber;Nicki Minaj",2012-01-01,227986,85,false,yg7b9kytuwgpor431xr5egf71,2026-03-18T01:54:01Z,"","RBMG/Def Jam",0.601,0.843,0,-4.87,1,0.0593,0.000704,0.0000527,0.0681,0.534,128.002,4
spotify:track:7E1dQbOk1qcx9gEPUMBKsk,"Maria","Believe (Deluxe Edition)","Justin Bieber",2012-06-15,248293,73,false,yg7b9kytuwgpor431xr5egf71,2026-03-18T01:54:10Z,"","RBMG/Def Jam",0.825,0.687,6,-6.794,0,0.0414,0.00997,0.0000132,0.19,0.294,111.002,4
spotify:track:5J4ZkQpzMUFojo1CtAZYpn,"Love Me Harder","My Everything (Deluxe)","Ariana Grande;The Weeknd",2014-08-22,236133,86,false,yg7b9kytuwgpor431xr5egf71,2026-03-18T01:54:17Z,"pop","Universal Records",0.486,0.712,1,-4.388,0,0.0328,0.00936,0,0.0764,0.244,99.128,4
spotify:track:30TmLgK0ja5O8q9l4BShIX,"Everyday","Dangerous Woman","Ariana Grande;Future",2016-04-01,194840,78,true,yg7b9kytuwgpor431xr5egf71,2026-03-18T01:54:25Z,"pop,rap","Universal Records",0.637,0.733,7,-4.413,0,0.0563,0.0149,0,0.162,0.431,131.004,4
spotify:track:2ENexcMEMsYk0rVJigVD3i,"Only Girl (In The World)","Loud","Rihanna",2010-01-01,235493,88,false,yg7b9kytuwgpor431xr5egf71,2026-03-18T01:54:44Z,"","Def Jam Recordings",0.789,0.706,11,-4.233,0,0.0429,0.112,0.0000171,0.0586,0.638,125.918,4
spotify:track:59NC8SuXPiSaiYL69XQ4dt,"Let Me Love You","Dangerous Woman","Ariana Grande;Lil Wayne",2016-04-01,223853,74,false,yg7b9kytuwgpor431xr5egf71,2026-03-18T01:55:39Z,"pop,rap,hip hop","Universal Records",0.527,0.435,2,-8.363,1,0.129,0.0295,0,0.243,0.0781,102.698,3
